Date,Temperature_C,Humidity_pct,Rainfall_mm,Wind_Speed_kmh,Pressure_hPa,Month,Month_Name,Year,Season,Extreme_Temperature
2022-01-01,18.7,75.5,0.0,8.1,1009.0,1,Jan,2022,Winter,False
2022-01-02,16.8,56.8,0.0,14.3,1016.1,1,Jan,2022,Winter,False
2022-01-03,19.2,82.9,25.1,10.3,1026.4,1,Jan,2022,Winter,False
2022-01-04,21.8,77.8,0.0,7.6,1021.4,1,Jan,2022,Winter,False
2022-01-05,16.6,83.6,0.0,10.1,1008.2,1,Jan,2022,Winter,False
2022-01-06,16.6,48.5,16.5,5.7,1011.1,1,Jan,2022,Winter,False
2022-01-07,22.1,93.3,0.0,7.7,1015.8,1,Jan,2022,Winter,False
2022-01-08,19.7,73.2,0.0,11.8,1028.9,1,Jan,2022,Winter,False
2022-01-09,16.1,84.4,0.0,12.1,1013.0,1,Jan,2022,Winter,False
2022-01-10,19.2,65.0,0.0,12.3,1013.0,1,Jan,2022,Winter,False
2022-01-11,16.2,79.8,0.0,11.4,1025.3,1,Jan,2022,Winter,False
2022-01-12,16.2,64.7,0.0,9.3,1018.6,1,Jan,2022,Winter,False
2022-01-13,18.4,68.5,0.0,11.2,1022.8,1,Jan,2022,Winter,False
2022-01-14,12.0,91.3,22.3,10.0,1013.9,1,Jan,2022,Winter,True
2022-01-15,12.6,72.3,0.0,6.5,1017.0,1,Jan,2022,Winter,True
2022-01-16,16.2,75.9,0.0,9.0,1024.0,1,Jan,2022,Winter,False
2022-01-17,14.9,81.7,41.2,14.0,1016.7,1,Jan,2022,Winter,False
2022-01-18,18.9,78.2,0.0,16.1,1023.0,1,Jan,2022,Winter,False
2022-01-19,15.3,75.0,0.0,13.3,1019.3,1,Jan,2022,Winter,False
2022-01-20,13.9,76.9,22.1,15.9,1012.1,1,Jan,2022,Winter,False
2022-01-21,22.6,95.1,0.0,11.5,1017.2,1,Jan,2022,Winter,False
2022-01-22,17.6,72.9,0.0,16.5,1022.1,1,Jan,2022,Winter,False
2022-01-23,18.6,75.1,0.0,17.4,1020.5,1,Jan,2022,Winter,False
2022-01-24,14.2,82.7,17.9,6.0,1016.9,1,Jan,2022,Winter,False
2022-01-25,16.9,83.1,29.6,11.9,1007.6,1,Jan,2022,Winter,False
2022-01-26,18.9,83.7,0.0,11.5,1008.0,1,Jan,2022,Winter,False
2022-01-27,15.2,78.7,0.0,9.9,1009.0,1,Jan,2022,Winter,False
2022-01-28,19.9,62.5,11.4,12.6,1014.3,1,Jan,2022,Winter,False
2022-01-29,17.0,87.4,0.0,11.3,1015.0,1,Jan,2022,Winter,False
2022-01-30,18.1,62.3,34.5,8.9,1009.4,1,Jan,2022,Winter,False
2022-01-31,17.2,75.2,0.0,11.0,1021.8,1,Jan,2022,Winter,False
2022-02-01,24.7,65.6,0.0,14.7,1010.4,2,Feb,2022,Winter,False
2022-02-02,19.2,71.7,0.0,11.6,1009.8,2,Feb,2022,Winter,False
2022-02-03,16.1,75.1,20.3,12.9,1017.0,2,Feb,2022,Winter,False
2022-02-04,21.9,74.9,0.0,10.2,1021.4,2,Feb,2022,Winter,False
2022-02-05,15.8,75.7,12.2,12.4,1026.7,2,Feb,2022,Winter,False
2022-02-06,20.2,86.3,0.0,7.4,1019.3,2,Feb,2022,Winter,False
2022-02-07,13.8,75.7,0.0,9.5,1024.2,2,Feb,2022,Winter,False
2022-02-08,15.8,69.3,8.5,10.7,1010.2,2,Feb,2022,Winter,False
2022-02-09,20.5,80.0,8.4,7.1,1027.0,2,Feb,2022,Winter,False
2022-02-10,22.2,81.9,0.0,8.4,1006.8,2,Feb,2022,Winter,False
2022-02-11,20.6,60.0,0.0,11.9,1013.5,2,Feb,2022,Winter,False
2022-02-12,19.9,76.3,0.0,11.3,1018.8,2,Feb,2022,Winter,False
2022-02-13,19.5,77.1,11.2,13.3,1007.9,2,Feb,2022,Winter,False
2022-02-14,16.0,68.0,0.0,9.0,1011.2,2,Feb,2022,Winter,False
2022-02-15,18.4,82.9,0.0,11.0,1010.3,2,Feb,2022,Winter,False
2022-02-16,19.3,69.0,0.0,8.8,1014.1,2,Feb,2022,Winter,False
2022-02-17,24.0,71.4,0.0,12.9,1022.7,2,Feb,2022,Winter,False
2022-02-18,22.0,68.5,0.0,14.3,1015.6,2,Feb,2022,Winter,False
2022-02-19,15.8,70.1,0.0,12.2,1013.2,2,Feb,2022,Winter,False
2022-02-20,22.1,59.9,0.0,13.9,1001.0,2,Feb,2022,Winter,False
2022-02-21,20.1,56.7,0.0,10.8,1017.7,2,Feb,2022,Winter,False
2022-02-22,19.4,83.8,0.0,13.1,1019.2,2,Feb,2022,Winter,False
2022-02-23,23.4,61.7,25.1,10.9,1006.7,2,Feb,2022,Winter,False
2022-02-24,24.8,60.2,0.0,7.6,1014.7,2,Feb,2022,Winter,False
2022-02-25,24.6,49.6,0.0,11.3,1016.0,2,Feb,2022,Winter,False
2022-02-26,19.4,63.1,0.0,7.6,1019.8,2,Feb,2022,Winter,False
2022-02-27,21.1,56.8,21.3,17.6,1011.2,2,Feb,2022,Winter,False
2022-02-28,23.2,83.3,5.8,9.5,1010.4,2,Feb,2022,Winter,False
2022-03-01,25.2,77.5,0.0,12.4,1012.4,3,Mar,2022,Spring,False
2022-03-02,21.0,62.0,5.3,10.4,1021.0,3,Mar,2022,Spring,False
2022-03-03,22.0,88.3,0.0,6.8,1019.7,3,Mar,2022,Spring,False
2022-03-04,19.4,76.7,27.0,4.7,1014.3,3,Mar,2022,Spring,False
2022-03-05,19.2,64.8,45.2,12.7,1019.5,3,Mar,2022,Spring,False
2022-03-06,25.4,45.1,56.3,15.0,1002.4,3,Mar,2022,Spring,False
2022-03-07,27.2,88.0,9.1,8.2,1018.2,3,Mar,2022,Spring,False
2022-03-08,23.0,54.7,0.0,5.4,1008.5,3,Mar,2022,Spring,False
2022-03-09,26.4,52.2,0.0,9.3,1022.9,3,Mar,2022,Spring,False
2022-03-10,24.6,76.1,0.0,7.5,1008.6,3,Mar,2022,Spring,False
2022-03-11,21.7,88.7,0.0,8.3,1009.6,3,Mar,2022,Spring,False
2022-03-12,24.9,79.0,0.0,12.1,1016.6,3,Mar,2022,Spring,False
2022-03-13,28.5,71.4,0.0,10.1,1017.0,3,Mar,2022,Spring,False
2022-03-14,23.9,71.6,0.0,7.7,1011.4,3,Mar,2022,Spring,False
2022-03-15,28.9,73.7,0.0,11.9,1015.4,3,Mar,2022,Spring,False
2022-03-16,16.5,72.7,0.0,12.1,1015.9,3,Mar,2022,Spring,False
2022-03-17,26.9,68.2,0.0,9.1,1015.3,3,Mar,2022,Spring,False
2022-03-18,24.8,66.5,0.0,10.5,1011.2,3,Mar,2022,Spring,False
2022-03-19,23.8,64.8,0.0,11.6,1015.7,3,Mar,2022,Spring,False
2022-03-20,25.1,58.4,0.0,11.3,1020.1,3,Mar,2022,Spring,False
2022-03-21,19.0,62.5,0.0,10.1,1006.9,3,Mar,2022,Spring,False
2022-03-22,24.5,49.6,0.0,14.3,1008.7,3,Mar,2022,Spring,False
2022-03-23,26.3,63.8,0.0,11.8,1013.0,3,Mar,2022,Spring,False
2022-03-24,29.8,55.6,0.0,8.7,1007.5,3,Mar,2022,Spring,False
2022-03-25,24.0,54.4,0.0,8.8,1003.6,3,Mar,2022,Spring,False
2022-03-26,23.3,65.8,0.0,8.5,1018.0,3,Mar,2022,Spring,False
2022-03-27,24.3,76.5,1.9,12.1,1001.3,3,Mar,2022,Spring,False
2022-03-28,28.7,72.1,0.0,8.3,1010.4,3,Mar,2022,Spring,False
2022-03-29,27.1,49.5,0.0,8.9,1016.1,3,Mar,2022,Spring,False
2022-03-30,24.6,54.6,0.0,13.4,1013.6,3,Mar,2022,Spring,False
2022-03-31,27.9,71.8,5.0,10.8,1010.2,3,Mar,2022,Spring,False
2022-04-01,26.8,54.3,17.0,13.9,1006.6,4,Apr,2022,Spring,False
2022-04-02,29.5,60.9,0.0,12.7,1013.7,4,Apr,2022,Spring,False
2022-04-03,24.7,67.7,0.0,6.8,1006.9,4,Apr,2022,Spring,False
2022-04-04,25.9,53.9,0.0,10.1,1013.1,4,Apr,2022,Spring,False
2022-04-05,25.9,63.4,0.0,13.4,1012.4,4,Apr,2022,Spring,False
2022-04-06,22.8,50.3,0.0,6.7,1012.4,4,Apr,2022,Spring,False
2022-04-07,28.2,56.7,0.0,11.7,1008.4,4,Apr,2022,Spring,False
2022-04-08,28.2,64.8,0.0,10.3,1021.7,4,Apr,2022,Spring,False
2022-04-09,27.6,47.5,0.0,5.2,1013.2,4,Apr,2022,Spring,False
2022-04-10,27.0,65.6,0.0,10.9,1009.9,4,Apr,2022,Spring,False
2022-04-11,23.6,61.3,7.2,8.0,1012.6,4,Apr,2022,Spring,False
2022-04-12,26.7,66.3,0.0,7.1,1007.3,4,Apr,2022,Spring,False
2022-04-13,27.1,63.2,0.0,10.6,1009.1,4,Apr,2022,Spring,False
2022-04-14,25.8,73.3,0.0,4.8,1023.0,4,Apr,2022,Spring,False
2022-04-15,27.9,62.0,0.0,8.6,1007.1,4,Apr,2022,Spring,False
2022-04-16,29.7,56.8,47.8,18.3,1010.4,4,Apr,2022,Spring,False
2022-04-17,34.2,61.6,17.6,12.6,1008.5,4,Apr,2022,Spring,False
2022-04-18,29.2,65.3,0.0,8.1,1005.5,4,Apr,2022,Spring,False
2022-04-19,29.6,60.7,26.8,14.9,1012.7,4,Apr,2022,Spring,False
2022-04-20,28.7,60.4,0.0,7.8,1010.7,4,Apr,2022,Spring,False
2022-04-21,23.3,53.6,0.0,9.1,1015.0,4,Apr,2022,Spring,False
2022-04-22,29.1,53.8,35.2,7.3,1014.4,4,Apr,2022,Spring,False
2022-04-23,29.5,47.0,0.0,11.6,1014.8,4,Apr,2022,Spring,False
2022-04-24,36.8,75.2,0.0,14.9,1005.6,4,Apr,2022,Spring,False
2022-04-25,29.0,48.1,0.0,7.9,1013.4,4,Apr,2022,Spring,False
2022-04-26,30.5,53.0,0.0,4.7,1013.4,4,Apr,2022,Spring,False
2022-04-27,29.7,52.6,0.0,14.2,1004.9,4,Apr,2022,Spring,False
2022-04-28,26.4,67.0,38.1,15.6,1008.4,4,Apr,2022,Spring,False
2022-04-29,33.4,56.1,0.0,4.9,1002.6,4,Apr,2022,Spring,False
2022-04-30,32.3,69.9,0.0,12.3,1013.2,4,Apr,2022,Spring,False
2022-05-01,32.6,52.5,36.4,11.7,1013.1,5,May,2022,Spring,False
2022-05-02,27.6,60.9,0.0,8.6,1016.8,5,May,2022,Spring,False
2022-05-03,34.6,50.7,0.0,6.8,1008.5,5,May,2022,Spring,False
2022-05-04,26.3,77.4,0.0,14.0,1011.8,5,May,2022,Spring,False
2022-05-05,32.4,47.3,0.0,11.6,1014.4,5,May,2022,Spring,False
2022-05-06,37.3,60.7,0.0,11.8,1005.7,5,May,2022,Spring,True
2022-05-07,27.8,63.5,0.0,9.2,1004.9,5,May,2022,Spring,False
2022-05-08,29.2,61.4,0.0,8.7,1005.7,5,May,2022,Spring,False
2022-05-09,31.3,55.9,0.0,3.8,1007.5,5,May,2022,Spring,False
2022-05-10,29.6,56.3,43.6,10.5,1004.9,5,May,2022,Spring,False
2022-05-11,26.5,57.7,0.0,15.5,1005.8,5,May,2022,Spring,False
2022-05-12,31.4,55.9,0.0,8.5,1013.5,5,May,2022,Spring,False
2022-05-13,28.1,65.8,0.0,6.6,1008.6,5,May,2022,Spring,False
2022-05-14,32.8,76.9,0.0,12.5,1010.5,5,May,2022,Spring,False
2022-05-15,28.7,51.9,0.0,13.1,1006.2,5,May,2022,Spring,False
2022-05-16,36.2,44.5,0.0,9.5,1005.8,5,May,2022,Spring,False
2022-05-17,29.3,55.9,0.0,10.2,1010.3,5,May,2022,Spring,False
2022-05-18,30.8,79.8,0.0,12.1,1009.4,5,May,2022,Spring,False
2022-05-19,34.2,49.3,20.8,10.8,1012.6,5,May,2022,Spring,False
2022-05-20,28.2,71.2,0.0,14.3,1015.2,5,May,2022,Spring,False
2022-05-21,32.6,71.4,0.0,18.6,1005.2,5,May,2022,Spring,False
2022-05-22,35.9,51.3,39.9,6.2,1012.9,5,May,2022,Spring,False
2022-05-23,27.2,61.3,0.0,15.0,1003.2,5,May,2022,Spring,False
2022-05-24,32.7,70.7,0.0,11.7,1018.9,5,May,2022,Spring,False
2022-05-25,33.0,52.6,0.0,15.5,1004.6,5,May,2022,Spring,False
2022-05-26,34.6,54.1,24.1,13.5,1011.9,5,May,2022,Spring,False
2022-05-27,28.6,50.6,0.0,11.6,1003.0,5,May,2022,Spring,False
2022-05-28,28.4,46.7,0.0,13.7,1007.6,5,May,2022,Spring,False
2022-05-29,34.0,49.9,0.0,10.2,1016.1,5,May,2022,Spring,False
2022-05-30,33.4,44.6,0.0,9.1,1004.2,5,May,2022,Spring,False
2022-05-31,33.3,55.9,0.0,13.8,1019.3,5,May,2022,Spring,False
2022-06-01,33.6,48.6,9.9,8.9,1008.2,6,Jun,2022,Summer,False
2022-06-02,30.6,57.6,0.0,13.4,1013.1,6,Jun,2022,Summer,False
2022-06-03,33.3,41.4,0.0,11.5,1010.2,6,Jun,2022,Summer,False
2022-06-04,33.6,58.4,0.0,4.5,1010.5,6,Jun,2022,Summer,False
2022-06-05,30.6,62.8,0.0,9.7,1001.0,6,Jun,2022,Summer,False
2022-06-06,38.4,37.4,0.0,12.5,1005.8,6,Jun,2022,Summer,True
2022-06-07,34.2,58.6,0.0,10.2,1014.1,6,Jun,2022,Summer,False
2022-06-08,29.2,66.3,0.0,3.8,1006.4,6,Jun,2022,Summer,False
2022-06-09,34.8,44.3,0.0,15.4,1008.8,6,Jun,2022,Summer,False
2022-06-10,30.0,70.2,0.0,12.0,1000.3,6,Jun,2022,Summer,False
2022-06-11,35.3,58.9,0.0,12.8,1005.4,6,Jun,2022,Summer,False
2022-06-12,36.4,48.8,0.0,10.1,1013.7,6,Jun,2022,Summer,False
2022-06-13,30.5,54.6,0.0,13.1,1001.6,6,Jun,2022,Summer,False
2022-06-14,35.8,60.1,0.0,17.0,1011.6,6,Jun,2022,Summer,False
2022-06-15,34.2,55.7,0.0,9.3,1008.9,6,Jun,2022,Summer,False
2022-06-16,35.4,59.9,44.7,16.5,1006.8,6,Jun,2022,Summer,False
2022-06-17,38.7,46.7,0.0,12.7,1006.6,6,Jun,2022,Summer,True
2022-06-18,32.3,56.5,0.0,8.9,1005.5,6,Jun,2022,Summer,False
2022-06-19,30.7,42.3,0.0,18.1,1006.0,6,Jun,2022,Summer,False
2022-06-20,30.3,54.0,0.0,12.7,1012.6,6,Jun,2022,Summer,False
2022-06-21,30.6,46.9,0.0,13.5,1005.8,6,Jun,2022,Summer,False
2022-06-22,32.8,48.4,0.0,10.7,1017.0,6,Jun,2022,Summer,False
2022-06-23,34.0,66.1,0.0,9.1,1009.5,6,Jun,2022,Summer,False
2022-06-24,33.8,64.8,0.0,12.0,1005.1,6,Jun,2022,Summer,False
2022-06-25,35.5,60.5,0.0,16.2,1012.9,6,Jun,2022,Summer,False
2022-06-26,33.0,45.2,0.0,10.6,1011.1,6,Jun,2022,Summer,False
2022-06-27,37.3,52.2,21.2,11.4,999.8,6,Jun,2022,Summer,True
2022-06-28,32.1,66.0,0.0,15.9,1002.9,6,Jun,2022,Summer,False
2022-06-29,41.1,56.4,0.0,10.6,1007.5,6,Jun,2022,Summer,True
2022-06-30,34.8,76.0,0.0,13.0,1000.2,6,Jun,2022,Summer,False
2022-07-01,30.3,58.7,17.2,14.1,1018.5,7,Jul,2022,Summer,False
2022-07-02,29.6,56.9,0.0,10.9,1012.2,7,Jul,2022,Summer,False
2022-07-03,34.3,52.5,20.2,12.4,1008.1,7,Jul,2022,Summer,False
2022-07-04,32.1,56.5,0.0,13.4,1006.4,7,Jul,2022,Summer,False
2022-07-05,34.9,53.9,0.0,10.2,1005.2,7,Jul,2022,Summer,False
2022-07-06,34.1,61.7,0.0,13.9,998.4,7,Jul,2022,Summer,False
2022-07-07,32.5,64.0,9.7,9.8,999.5,7,Jul,2022,Summer,False
2022-07-08,30.1,48.4,0.0,9.4,1017.7,7,Jul,2022,Summer,False
2022-07-09,28.0,43.5,0.0,6.8,1016.1,7,Jul,2022,Summer,False
2022-07-10,31.2,39.0,0.0,9.9,1005.4,7,Jul,2022,Summer,False
2022-07-11,35.1,60.2,0.0,9.0,1012.9,7,Jul,2022,Summer,False
2022-07-12,33.1,45.8,20.0,10.2,1010.9,7,Jul,2022,Summer,False
2022-07-13,28.7,36.4,0.0,13.2,1011.5,7,Jul,2022,Summer,False
2022-07-14,32.9,59.3,0.0,6.2,1001.3,7,Jul,2022,Summer,False
2022-07-15,33.4,78.3,0.0,5.4,999.4,7,Jul,2022,Summer,False
2022-07-16,29.6,55.9,35.0,9.1,1014.4,7,Jul,2022,Summer,False
2022-07-17,32.6,63.6,0.0,12.7,998.6,7,Jul,2022,Summer,False
2022-07-18,32.3,56.8,0.0,12.2,1007.8,7,Jul,2022,Summer,False
2022-07-19,28.6,55.3,0.0,9.0,1006.8,7,Jul,2022,Summer,False
2022-07-20,33.1,64.5,18.4,14.8,1006.3,7,Jul,2022,Summer,False
2022-07-21,33.6,53.7,0.0,9.3,1010.3,7,Jul,2022,Summer,False
2022-07-22,35.1,58.9,39.9,12.7,1005.3,7,Jul,2022,Summer,False
2022-07-23,34.9,59.4,0.0,10.2,1010.7,7,Jul,2022,Summer,False
2022-07-24,27.6,50.6,0.0,8.6,1009.5,7,Jul,2022,Summer,False
2022-07-25,28.8,65.7,0.0,9.4,1019.4,7,Jul,2022,Summer,False
2022-07-26,33.1,55.3,0.0,13.4,1002.0,7,Jul,2022,Summer,False
2022-07-27,33.0,50.1,0.0,12.3,1009.1,7,Jul,2022,Summer,False
2022-07-28,32.9,61.9,0.0,14.1,1011.2,7,Jul,2022,Summer,False
2022-07-29,42.9,49.0,0.0,12.3,1007.8,7,Jul,2022,Summer,True
2022-07-30,32.9,57.5,0.0,6.3,1002.4,7,Jul,2022,Summer,False
2022-07-31,34.5,57.3,0.0,17.5,1015.5,7,Jul,2022,Summer,False
2022-08-01,33.9,67.2,0.0,12.3,1010.9,8,Aug,2022,Summer,False
2022-08-02,32.9,61.8,16.9,12.7,1003.0,8,Aug,2022,Summer,False
2022-08-03,29.9,57.5,0.0,10.0,1011.5,8,Aug,2022,Summer,False
2022-08-04,33.0,65.2,10.5,14.4,1017.9,8,Aug,2022,Summer,False
2022-08-05,28.3,70.4,0.0,7.8,1009.3,8,Aug,2022,Summer,False
2022-08-06,29.8,63.1,0.0,12.9,1009.5,8,Aug,2022,Summer,False
2022-08-07,29.0,58.3,0.0,4.8,1017.4,8,Aug,2022,Summer,False
2022-08-08,30.6,46.5,0.0,13.0,1004.8,8,Aug,2022,Summer,False
2022-08-09,37.2,48.8,0.0,7.7,1018.4,8,Aug,2022,Summer,True
2022-08-10,24.5,55.8,0.0,11.8,1014.6,8,Aug,2022,Summer,False
2022-08-11,32.1,53.2,0.0,15.0,1005.2,8,Aug,2022,Summer,False
2022-08-12,25.1,57.2,0.0,13.4,1006.6,8,Aug,2022,Summer,False
2022-08-13,28.4,59.5,14.2,14.6,1007.4,8,Aug,2022,Summer,False
2022-08-14,33.0,63.9,0.0,14.2,1000.9,8,Aug,2022,Summer,False
2022-08-15,29.8,58.6,0.0,9.3,1011.4,8,Aug,2022,Summer,False
2022-08-16,26.3,63.8,0.0,12.6,1005.8,8,Aug,2022,Summer,False
2022-08-17,27.2,60.1,0.0,5.6,1011.7,8,Aug,2022,Summer,False
2022-08-18,31.3,41.9,0.0,8.7,1003.9,8,Aug,2022,Summer,False
2022-08-19,26.9,51.4,47.6,15.0,1015.0,8,Aug,2022,Summer,False
2022-08-20,29.7,58.7,0.0,9.6,1014.2,8,Aug,2022,Summer,False
2022-08-21,29.0,49.2,0.0,5.1,1007.0,8,Aug,2022,Summer,False
2022-08-22,26.8,65.7,0.0,16.8,1012.4,8,Aug,2022,Summer,False
2022-08-23,35.1,74.2,0.0,12.4,1011.1,8,Aug,2022,Summer,False
2022-08-24,30.4,71.5,0.0,13.0,1018.2,8,Aug,2022,Summer,False
2022-08-25,22.3,58.8,14.3,7.7,1005.7,8,Aug,2022,Summer,False
2022-08-26,28.8,74.3,0.0,11.5,1010.2,8,Aug,2022,Summer,False
2022-08-27,26.2,62.4,0.0,11.4,1007.8,8,Aug,2022,Summer,False
2022-08-28,30.6,58.2,20.2,8.1,1011.3,8,Aug,2022,Summer,False
2022-08-29,25.5,55.8,0.0,10.0,1013.8,8,Aug,2022,Summer,False
2022-08-30,27.4,58.8,0.0,6.0,1008.0,8,Aug,2022,Summer,False
2022-08-31,29.2,58.2,0.0,9.5,1009.5,8,Aug,2022,Summer,False
2022-09-01,30.1,63.4,0.0,13.4,1016.3,9,Sep,2022,Autumn,False
2022-09-02,23.8,63.5,0.9,8.2,1018.3,9,Sep,2022,Autumn,False
2022-09-03,26.3,62.2,0.0,16.1,1014.1,9,Sep,2022,Autumn,False
2022-09-04,25.7,66.3,40.8,6.1,1011.0,9,Sep,2022,Autumn,False
2022-09-05,25.0,73.2,0.0,9.6,1010.6,9,Sep,2022,Autumn,False
2022-09-06,32.2,71.2,5.4,8.4,1014.6,9,Sep,2022,Autumn,False
2022-09-07,27.9,49.5,0.0,9.8,1013.1,9,Sep,2022,Autumn,False
2022-09-08,22.8,40.0,0.0,14.4,1003.8,9,Sep,2022,Autumn,False
2022-09-09,29.2,71.6,0.0,7.3,1015.0,9,Sep,2022,Autumn,False
2022-09-10,32.7,51.0,0.0,8.9,1007.9,9,Sep,2022,Autumn,False
2022-09-11,29.3,61.5,0.0,12.2,1005.2,9,Sep,2022,Autumn,False
2022-09-12,21.5,53.2,0.0,10.5,1004.0,9,Sep,2022,Autumn,False
2022-09-13,24.5,47.6,0.0,10.7,1011.4,9,Sep,2022,Autumn,False
2022-09-14,29.6,68.9,0.0,7.2,1007.4,9,Sep,2022,Autumn,False
2022-09-15,23.5,71.0,0.0,9.9,1001.0,9,Sep,2022,Autumn,False
2022-09-16,26.8,59.2,0.0,13.5,1010.9,9,Sep,2022,Autumn,False
2022-09-17,27.7,41.2,0.0,5.2,1010.3,9,Sep,2022,Autumn,False
2022-09-18,22.4,59.8,0.0,7.9,1012.1,9,Sep,2022,Autumn,False
2022-09-19,24.9,68.4,0.0,4.6,1009.8,9,Sep,2022,Autumn,False
2022-09-20,15.2,51.8,0.0,11.6,1022.2,9,Sep,2022,Autumn,False
2022-09-21,21.7,66.9,2.5,13.7,1015.7,9,Sep,2022,Autumn,False
2022-09-22,23.9,65.3,14.6,9.5,1010.7,9,Sep,2022,Autumn,False
2022-09-23,20.8,70.8,0.0,7.1,1013.0,9,Sep,2022,Autumn,False
2022-09-24,29.3,66.8,0.0,7.2,1020.4,9,Sep,2022,Autumn,False
2022-09-25,20.0,57.2,17.6,9.2,1018.2,9,Sep,2022,Autumn,False
2022-09-26,22.8,76.9,0.0,9.3,1006.6,9,Sep,2022,Autumn,False
2022-09-27,24.4,64.8,0.0,12.9,1008.8,9,Sep,2022,Autumn,False
2022-09-28,28.2,66.2,0.0,8.2,1009.8,9,Sep,2022,Autumn,False
2022-09-29,19.4,58.2,0.0,11.5,1011.6,9,Sep,2022,Autumn,False
2022-09-30,27.1,62.8,30.0,9.3,1010.9,9,Sep,2022,Autumn,False
2022-10-01,23.5,59.0,0.0,8.1,1014.1,10,Oct,2022,Autumn,False
2022-10-02,20.4,65.6,0.0,9.3,1017.7,10,Oct,2022,Autumn,False
2022-10-03,24.6,82.7,0.0,11.4,1018.7,10,Oct,2022,Autumn,False
2022-10-04,23.6,55.1,0.0,13.1,1012.6,10,Oct,2022,Autumn,False
2022-10-05,21.1,53.1,0.0,9.6,1006.1,10,Oct,2022,Autumn,False
2022-10-06,23.0,81.0,0.0,6.8,1009.2,10,Oct,2022,Autumn,False
2022-10-07,21.5,66.1,0.0,13.4,1011.9,10,Oct,2022,Autumn,False
2022-10-08,22.9,62.1,0.0,7.8,1008.3,10,Oct,2022,Autumn,False
2022-10-09,24.4,77.6,0.0,11.3,1020.3,10,Oct,2022,Autumn,False
2022-10-10,27.0,63.0,0.0,10.4,1008.8,10,Oct,2022,Autumn,False
2022-10-11,18.4,85.0,33.0,10.1,1017.9,10,Oct,2022,Autumn,False
2022-10-12,28.4,74.9,11.0,9.1,1006.5,10,Oct,2022,Autumn,False
2022-10-13,16.0,64.5,0.0,12.4,1018.2,10,Oct,2022,Autumn,False
2022-10-14,21.3,88.5,0.0,0.0,1014.3,10,Oct,2022,Autumn,False
2022-10-15,23.4,63.8,0.0,14.0,1022.7,10,Oct,2022,Autumn,False
2022-10-16,22.3,76.1,3.9,7.9,1009.5,10,Oct,2022,Autumn,False
2022-10-17,19.5,72.2,0.0,11.9,1012.4,10,Oct,2022,Autumn,False
2022-10-18,20.6,81.4,0.0,11.8,1013.5,10,Oct,2022,Autumn,False
2022-10-19,19.6,83.9,0.0,14.6,1014.7,10,Oct,2022,Autumn,False
2022-10-20,19.2,70.3,0.0,11.3,1013.8,10,Oct,2022,Autumn,False
2022-10-21,23.4,63.4,50.4,8.3,1013.9,10,Oct,2022,Autumn,False
2022-10-22,21.8,74.4,0.0,6.0,1013.9,10,Oct,2022,Autumn,False
2022-10-23,18.6,64.3,7.9,9.8,1005.4,10,Oct,2022,Autumn,False
2022-10-24,23.2,88.7,0.0,5.0,1020.8,10,Oct,2022,Autumn,False
2022-10-25,21.3,71.9,0.0,9.0,1030.2,10,Oct,2022,Autumn,False
2022-10-26,22.8,67.6,0.0,10.0,1017.4,10,Oct,2022,Autumn,False
2022-10-27,22.1,72.7,0.0,8.8,1010.3,10,Oct,2022,Autumn,False
2022-10-28,17.6,59.0,24.5,11.0,1010.9,10,Oct,2022,Autumn,False
2022-10-29,18.3,62.5,0.0,10.2,1019.2,10,Oct,2022,Autumn,False
2022-10-30,22.1,82.2,0.0,10.0,1018.1,10,Oct,2022,Autumn,False
2022-10-31,21.6,65.6,4.4,3.7,1014.8,10,Oct,2022,Autumn,False
2022-11-01,19.6,62.2,19.1,7.1,1020.1,11,Nov,2022,Autumn,False
2022-11-02,19.9,76.6,0.0,12.9,1006.1,11,Nov,2022,Autumn,False
2022-11-03,23.3,82.6,6.8,13.4,1020.2,11,Nov,2022,Autumn,False
2022-11-04,17.6,78.5,0.0,5.5,1017.7,11,Nov,2022,Autumn,False
2022-11-05,20.9,81.1,0.0,8.6,1011.6,11,Nov,2022,Autumn,False
2022-11-06,18.6,65.5,0.0,14.3,1009.5,11,Nov,2022,Autumn,False
2022-11-07,18.4,59.6,24.6,9.0,1017.3,11,Nov,2022,Autumn,False
2022-11-08,22.3,86.0,0.0,10.8,1023.8,11,Nov,2022,Autumn,False
2022-11-09,21.4,69.7,0.0,15.5,1015.7,11,Nov,2022,Autumn,False
2022-11-10,21.3,70.5,10.1,10.1,1012.6,11,Nov,2022,Autumn,False
2022-11-11,22.6,84.8,0.0,9.7,1017.9,11,Nov,2022,Autumn,False
2022-11-12,18.7,78.0,0.0,10.7,1026.1,11,Nov,2022,Autumn,False
2022-11-13,20.6,77.2,0.0,16.8,1019.2,11,Nov,2022,Autumn,False
2022-11-14,17.5,92.6,25.2,12.6,1019.8,11,Nov,2022,Autumn,False
2022-11-15,19.4,67.5,0.0,11.3,1023.2,11,Nov,2022,Autumn,False
2022-11-16,17.9,81.7,20.3,9.7,1019.5,11,Nov,2022,Autumn,False
2022-11-17,18.5,74.0,7.6,12.9,1013.3,11,Nov,2022,Autumn,False
2022-11-18,20.0,75.9,0.0,13.3,1008.5,11,Nov,2022,Autumn,False
2022-11-19,15.7,87.4,0.0,8.1,1012.7,11,Nov,2022,Autumn,False
2022-11-20,24.3,78.3,11.3,13.4,1011.8,11,Nov,2022,Autumn,False
2022-11-21,15.0,78.6,8.3,10.9,1020.7,11,Nov,2022,Autumn,False
2022-11-22,14.3,83.5,32.1,11.4,1021.4,11,Nov,2022,Autumn,False
2022-11-23,21.3,70.7,5.0,8.7,1018.4,11,Nov,2022,Autumn,False
2022-11-24,20.2,66.5,13.4,10.2,1011.2,11,Nov,2022,Autumn,False
2022-11-25,19.6,64.7,18.9,8.3,1026.5,11,Nov,2022,Autumn,False
2022-11-26,19.6,56.5,0.0,8.1,1015.5,11,Nov,2022,Autumn,False
2022-11-27,17.6,92.7,0.0,12.5,1020.6,11,Nov,2022,Autumn,False
2022-11-28,14.9,64.4,0.0,10.3,1017.9,11,Nov,2022,Autumn,False
2022-11-29,17.7,72.4,0.0,7.5,1018.7,11,Nov,2022,Autumn,False
2022-11-30,15.4,71.9,32.1,17.9,1020.5,11,Nov,2022,Autumn,False
2022-12-01,20.3,77.2,0.0,8.0,1014.3,12,Dec,2022,Winter,False
2022-12-02,16.9,81.9,0.0,14.7,1024.3,12,Dec,2022,Winter,False
2022-12-03,14.9,82.3,0.0,7.0,1009.9,12,Dec,2022,Winter,False
2022-12-04,16.3,69.4,0.0,12.8,1012.6,12,Dec,2022,Winter,False
2022-12-05,18.5,73.2,0.0,10.7,1024.3,12,Dec,2022,Winter,False
2022-12-06,15.5,77.3,0.0,9.6,1020.8,12,Dec,2022,Winter,False
2022-12-07,14.7,72.5,26.1,12.1,1030.6,12,Dec,2022,Winter,False
2022-12-08,17.9,89.3,0.0,11.7,1018.2,12,Dec,2022,Winter,False
2022-12-09,17.9,79.2,0.0,9.0,1026.4,12,Dec,2022,Winter,False
2022-12-10,15.6,81.5,0.0,8.9,1008.6,12,Dec,2022,Winter,False
2022-12-11,15.7,80.8,0.0,6.8,1010.9,12,Dec,2022,Winter,False
2022-12-12,17.8,85.5,29.9,12.4,1022.4,12,Dec,2022,Winter,False
2022-12-13,12.7,76.6,0.0,7.7,1009.3,12,Dec,2022,Winter,True
2022-12-14,12.8,63.3,0.0,11.5,1017.0,12,Dec,2022,Winter,True
2022-12-15,14.9,78.6,0.0,13.3,1023.8,12,Dec,2022,Winter,False
2022-12-16,16.4,69.1,0.0,12.1,1020.5,12,Dec,2022,Winter,False
2022-12-17,17.9,70.2,15.4,9.3,1018.0,12,Dec,2022,Winter,False
2022-12-18,21.4,80.3,0.0,14.2,1015.8,12,Dec,2022,Winter,False
2022-12-19,19.6,86.1,0.0,10.3,1019.0,12,Dec,2022,Winter,False
2022-12-20,16.5,75.2,0.0,7.5,1020.9,12,Dec,2022,Winter,False
2022-12-21,16.9,77.8,0.0,10.6,1014.7,12,Dec,2022,Winter,False
2022-12-22,14.0,90.3,0.0,13.3,1019.9,12,Dec,2022,Winter,False
2022-12-23,17.0,77.2,0.0,9.5,1023.4,12,Dec,2022,Winter,False
2022-12-24,16.2,98.4,21.0,14.1,1016.9,12,Dec,2022,Winter,False
2022-12-25,18.0,80.1,0.0,9.2,1018.3,12,Dec,2022,Winter,False
2022-12-26,14.6,59.1,0.0,9.6,1020.4,12,Dec,2022,Winter,False
2022-12-27,18.6,81.7,0.0,8.4,1020.7,12,Dec,2022,Winter,False
2022-12-28,21.7,78.3,0.0,13.5,1022.3,12,Dec,2022,Winter,False
2022-12-29,16.8,86.5,0.0,11.3,1012.9,12,Dec,2022,Winter,False
2022-12-30,18.3,80.9,11.2,8.5,1015.3,12,Dec,2022,Winter,False
2022-12-31,19.2,73.6,0.0,10.3,1015.5,12,Dec,2022,Winter,False
2023-01-01,16.0,63.8,8.4,2.3,1013.4,1,Jan,2023,Winter,False
2023-01-02,17.9,72.9,0.0,13.8,1008.9,1,Jan,2023,Winter,False
2023-01-03,17.3,67.0,18.7,10.9,1001.6,1,Jan,2023,Winter,False
2023-01-04,17.6,69.4,16.8,4.2,1023.8,1,Jan,2023,Winter,False
2023-01-05,15.0,79.9,0.0,7.1,1010.0,1,Jan,2023,Winter,False
2023-01-06,17.4,89.6,17.0,10.2,1025.6,1,Jan,2023,Winter,False
2023-01-07,18.9,78.1,0.0,7.5,1021.5,1,Jan,2023,Winter,False
2023-01-08,21.8,63.7,0.0,13.8,1015.7,1,Jan,2023,Winter,False
2023-01-09,20.4,78.4,33.2,12.7,1020.8,1,Jan,2023,Winter,False
2023-01-10,24.0,85.1,0.0,12.5,1019.8,1,Jan,2023,Winter,False
2023-01-11,15.3,68.8,0.0,3.6,1012.1,1,Jan,2023,Winter,False
2023-01-12,20.3,73.0,0.0,9.8,1017.5,1,Jan,2023,Winter,False
2023-01-13,18.2,74.3,18.2,9.3,1012.7,1,Jan,2023,Winter,False
2023-01-14,24.3,67.0,14.7,8.5,1020.8,1,Jan,2023,Winter,False
2023-01-15,15.4,79.8,7.7,10.1,1013.9,1,Jan,2023,Winter,False
2023-01-16,15.3,72.8,25.9,8.0,1017.0,1,Jan,2023,Winter,False
2023-01-17,16.1,77.6,6.6,12.0,1016.7,1,Jan,2023,Winter,False
2023-01-18,11.6,65.8,0.0,13.6,1018.0,1,Jan,2023,Winter,True
2023-01-19,16.5,69.7,0.0,13.3,1025.6,1,Jan,2023,Winter,False
2023-01-20,15.9,80.1,0.0,10.9,1016.1,1,Jan,2023,Winter,False
2023-01-21,18.7,70.1,0.0,17.3,1023.3,1,Jan,2023,Winter,False
2023-01-22,19.3,88.9,8.1,14.7,1019.6,1,Jan,2023,Winter,False
2023-01-23,24.0,69.7,2.7,10.9,1024.2,1,Jan,2023,Winter,False
2023-01-24,21.3,75.2,20.7,9.8,1015.4,1,Jan,2023,Winter,False
2023-01-25,16.8,81.5,1.8,15.2,1020.5,1,Jan,2023,Winter,False
2023-01-26,15.9,60.2,0.0,14.2,1016.7,1,Jan,2023,Winter,False
2023-01-27,20.2,57.1,0.0,7.0,1002.0,1,Jan,2023,Winter,False
2023-01-28,14.8,59.1,0.0,14.4,1011.5,1,Jan,2023,Winter,False
2023-01-29,24.3,84.1,0.0,10.7,1019.8,1,Jan,2023,Winter,False
2023-01-30,22.5,67.6,0.0,8.6,1019.4,1,Jan,2023,Winter,False
2023-01-31,17.6,95.5,0.0,5.2,1010.3,1,Jan,2023,Winter,False
2023-02-01,14.0,67.3,34.2,10.3,1017.8,2,Feb,2023,Winter,False
2023-02-02,23.3,73.9,0.0,11.0,1019.1,2,Feb,2023,Winter,False
2023-02-03,19.0,86.0,0.0,15.8,1016.4,2,Feb,2023,Winter,False
2023-02-04,23.1,90.0,0.0,13.9,1020.1,2,Feb,2023,Winter,False
2023-02-05,14.7,90.4,0.0,9.3,1019.4,2,Feb,2023,Winter,False
2023-02-06,17.8,82.6,0.0,12.2,1016.2,2,Feb,2023,Winter,False
2023-02-07,19.7,80.8,0.0,13.5,1013.8,2,Feb,2023,Winter,False
2023-02-08,20.0,76.8,0.0,11.2,1021.5,2,Feb,2023,Winter,False
2023-02-09,18.6,78.4,3.4,9.2,1018.5,2,Feb,2023,Winter,False
2023-02-10,21.9,66.3,0.0,9.3,1009.2,2,Feb,2023,Winter,False
2023-02-11,16.9,63.7,0.0,12.1,1017.1,2,Feb,2023,Winter,False
2023-02-12,19.8,70.9,0.0,12.1,1010.2,2,Feb,2023,Winter,False
2023-02-13,20.7,69.3,25.7,10.0,1011.1,2,Feb,2023,Winter,False
2023-02-14,22.0,66.6,0.0,3.0,1012.6,2,Feb,2023,Winter,False
2023-02-15,22.7,76.8,0.0,7.0,1016.0,2,Feb,2023,Winter,False
2023-02-16,17.3,79.0,0.0,12.7,1017.6,2,Feb,2023,Winter,False
2023-02-17,16.2,71.0,0.0,4.4,1013.6,2,Feb,2023,Winter,False
2023-02-18,24.8,83.4,0.0,14.3,1013.7,2,Feb,2023,Winter,False
2023-02-19,22.0,59.7,0.0,13.8,1013.0,2,Feb,2023,Winter,False
2023-02-20,18.9,68.0,0.0,10.8,1020.6,2,Feb,2023,Winter,False
2023-02-21,25.9,63.2,31.8,12.5,1001.1,2,Feb,2023,Winter,False
2023-02-22,21.8,52.7,0.0,12.3,1013.7,2,Feb,2023,Winter,False
2023-02-23,25.1,68.6,20.8,10.3,1022.9,2,Feb,2023,Winter,False
2023-02-24,21.9,68.1,0.0,6.5,1017.7,2,Feb,2023,Winter,False
2023-02-25,28.0,82.6,4.2,13.5,1021.3,2,Feb,2023,Winter,False
2023-02-26,27.2,74.5,33.0,14.8,1004.8,2,Feb,2023,Winter,False
2023-02-27,21.3,59.5,19.5,6.9,1008.6,2,Feb,2023,Winter,False
2023-02-28,25.1,85.2,9.2,6.3,1017.3,2,Feb,2023,Winter,False
2023-03-01,24.2,79.4,0.0,10.1,1022.4,3,Mar,2023,Spring,False
2023-03-02,26.5,73.4,0.0,8.6,1008.9,3,Mar,2023,Spring,False
2023-03-03,19.7,66.0,0.0,10.9,1012.6,3,Mar,2023,Spring,False
2023-03-04,24.8,59.2,13.4,14.1,1016.4,3,Mar,2023,Spring,False
2023-03-05,26.0,64.4,4.1,3.7,1007.1,3,Mar,2023,Spring,False
2023-03-06,17.7,77.4,34.1,15.1,1016.9,3,Mar,2023,Spring,False
2023-03-07,19.5,84.3,5.8,9.1,1000.8,3,Mar,2023,Spring,False
2023-03-08,17.1,81.1,0.0,11.9,1016.6,3,Mar,2023,Spring,False
2023-03-09,22.6,62.7,0.0,12.2,1009.0,3,Mar,2023,Spring,False
2023-03-10,25.6,56.8,0.0,12.5,1011.7,3,Mar,2023,Spring,False
2023-03-11,28.1,68.0,12.9,10.4,1017.1,3,Mar,2023,Spring,False
2023-03-12,24.0,50.6,0.0,11.1,1016.0,3,Mar,2023,Spring,False
2023-03-13,28.8,69.3,0.0,11.1,1013.6,3,Mar,2023,Spring,False
2023-03-14,19.9,64.9,0.0,8.3,1018.4,3,Mar,2023,Spring,False
2023-03-15,19.1,61.8,0.0,4.9,1005.0,3,Mar,2023,Spring,False
2023-03-16,24.1,51.5,4.3,6.5,1014.5,3,Mar,2023,Spring,False
2023-03-17,25.6,70.3,0.0,9.8,1009.4,3,Mar,2023,Spring,False
2023-03-18,24.5,60.7,0.0,7.7,1017.8,3,Mar,2023,Spring,False
2023-03-19,18.5,54.8,0.0,7.7,1016.6,3,Mar,2023,Spring,False
2023-03-20,24.6,39.3,0.0,15.4,1016.7,3,Mar,2023,Spring,False
2023-03-21,21.1,64.8,0.0,12.6,1021.2,3,Mar,2023,Spring,False
2023-03-22,27.1,80.8,0.0,9.3,1018.5,3,Mar,2023,Spring,False
2023-03-23,26.4,79.6,0.0,12.1,1012.0,3,Mar,2023,Spring,False
2023-03-24,22.6,60.4,0.0,8.8,1012.7,3,Mar,2023,Spring,False
2023-03-25,24.0,58.9,0.0,10.4,1015.7,3,Mar,2023,Spring,False
2023-03-26,22.5,68.4,0.0,11.5,1013.3,3,Mar,2023,Spring,False
2023-03-27,25.6,55.0,0.0,8.9,1016.0,3,Mar,2023,Spring,False
2023-03-28,28.8,66.5,11.0,8.1,1001.2,3,Mar,2023,Spring,False
2023-03-29,23.1,70.5,0.0,13.9,1021.7,3,Mar,2023,Spring,False
2023-03-30,27.7,74.5,0.0,12.1,1012.5,3,Mar,2023,Spring,False
2023-03-31,24.8,62.4,0.0,3.5,1004.0,3,Mar,2023,Spring,False
2023-04-01,24.1,61.3,0.0,8.3,1007.5,4,Apr,2023,Spring,False
2023-04-02,26.3,55.0,0.0,8.0,1001.3,4,Apr,2023,Spring,False
2023-04-03,23.7,55.3,40.4,8.5,1006.4,4,Apr,2023,Spring,False
2023-04-04,25.2,60.6,0.0,12.9,1011.1,4,Apr,2023,Spring,False
2023-04-05,23.4,65.8,22.3,10.4,1019.3,4,Apr,2023,Spring,False
2023-04-06,33.1,70.5,0.0,6.2,1013.7,4,Apr,2023,Spring,False
2023-04-07,27.4,54.9,28.9,9.3,1012.7,4,Apr,2023,Spring,False
2023-04-08,25.3,75.4,0.0,12.1,1005.8,4,Apr,2023,Spring,False
2023-04-09,28.2,59.3,0.0,9.8,1007.3,4,Apr,2023,Spring,False
2023-04-10,27.4,61.4,0.0,8.6,1007.6,4,Apr,2023,Spring,False
2023-04-11,27.2,54.7,0.0,11.5,1007.7,4,Apr,2023,Spring,False
2023-04-12,29.8,39.5,17.5,15.4,1009.4,4,Apr,2023,Spring,False
2023-04-13,30.4,69.1,0.0,12.0,1009.7,4,Apr,2023,Spring,False
2023-04-14,26.6,67.6,0.0,14.5,1009.3,4,Apr,2023,Spring,False
2023-04-15,26.6,58.3,28.1,8.9,1007.6,4,Apr,2023,Spring,False
2023-04-16,27.6,61.3,0.0,10.6,1011.5,4,Apr,2023,Spring,False
2023-04-17,21.7,65.2,23.5,10.6,1009.2,4,Apr,2023,Spring,False
2023-04-18,24.2,46.3,0.0,11.1,1002.7,4,Apr,2023,Spring,False
2023-04-19,32.9,55.5,0.0,12.0,1010.8,4,Apr,2023,Spring,False
2023-04-20,33.9,67.2,0.0,8.0,1009.9,4,Apr,2023,Spring,False
2023-04-21,28.3,48.6,0.0,12.7,1002.6,4,Apr,2023,Spring,False
2023-04-22,30.9,62.4,0.0,5.9,1007.4,4,Apr,2023,Spring,False
2023-04-23,30.2,47.4,9.3,6.8,1013.3,4,Apr,2023,Spring,False
2023-04-24,38.7,63.7,0.0,17.2,1004.6,4,Apr,2023,Spring,True
2023-04-25,32.9,59.0,0.0,9.3,1004.0,4,Apr,2023,Spring,False
2023-04-26,29.3,44.7,0.0,13.1,1008.5,4,Apr,2023,Spring,False
2023-04-27,26.9,69.5,0.0,16.0,1013.1,4,Apr,2023,Spring,False
2023-04-28,25.0,52.3,0.0,4.0,1019.0,4,Apr,2023,Spring,False
2023-04-29,30.6,51.5,0.0,14.3,1013.2,4,Apr,2023,Spring,False
2023-04-30,27.8,60.5,0.0,12.9,1015.2,4,Apr,2023,Spring,False
2023-05-01,25.9,68.9,0.0,15.9,1011.5,5,May,2023,Spring,False
2023-05-02,28.4,49.2,0.0,7.4,1006.3,5,May,2023,Spring,False
2023-05-03,27.1,58.8,15.5,15.4,1012.9,5,May,2023,Spring,False
2023-05-04,35.6,62.0,0.0,8.8,1009.1,5,May,2023,Spring,False
2023-05-05,33.2,64.2,0.0,14.2,1011.4,5,May,2023,Spring,False
2023-05-06,30.7,59.5,0.0,11.0,1004.7,5,May,2023,Spring,False
2023-05-07,35.2,54.5,49.6,13.4,1011.7,5,May,2023,Spring,False
2023-05-08,31.1,50.2,0.0,11.2,1008.7,5,May,2023,Spring,False
2023-05-09,28.4,58.3,0.0,5.6,1010.4,5,May,2023,Spring,False
2023-05-10,35.6,47.8,0.0,1.8,1008.8,5,May,2023,Spring,False
2023-05-11,32.8,31.0,21.2,11.8,1007.8,5,May,2023,Spring,False
2023-05-12,28.1,61.1,37.0,10.4,1011.5,5,May,2023,Spring,False
2023-05-13,30.8,65.2,0.0,12.4,1007.0,5,May,2023,Spring,False
2023-05-14,28.8,35.7,0.0,10.4,1001.1,5,May,2023,Spring,False
2023-05-15,27.3,47.8,0.0,17.3,999.6,5,May,2023,Spring,False
2023-05-16,34.3,62.4,0.0,11.9,1009.8,5,May,2023,Spring,False
2023-05-17,37.4,75.2,47.4,9.9,1006.6,5,May,2023,Spring,True
2023-05-18,27.5,56.8,0.0,12.3,1000.2,5,May,2023,Spring,False
2023-05-19,33.5,50.0,24.7,10.0,1009.3,5,May,2023,Spring,False
2023-05-20,29.9,54.8,0.0,11.6,1008.2,5,May,2023,Spring,False
2023-05-21,30.5,68.7,0.0,7.6,1006.2,5,May,2023,Spring,False
2023-05-22,30.2,50.4,0.0,11.3,1009.9,5,May,2023,Spring,False
2023-05-23,29.5,49.0,0.0,9.9,1015.2,5,May,2023,Spring,False
2023-05-24,32.3,51.7,0.0,8.0,1015.0,5,May,2023,Spring,False
2023-05-25,29.7,47.4,0.0,17.3,1009.2,5,May,2023,Spring,False
2023-05-26,33.1,57.0,20.7,8.1,1008.0,5,May,2023,Spring,False
2023-05-27,32.2,70.5,0.0,11.4,1009.2,5,May,2023,Spring,False
2023-05-28,31.6,58.7,0.0,9.0,1009.9,5,May,2023,Spring,False
2023-05-29,29.7,53.5,10.2,12.3,1007.0,5,May,2023,Spring,False
2023-05-30,30.7,53.0,0.0,7.6,1009.2,5,May,2023,Spring,False
2023-05-31,34.8,41.5,0.0,13.9,1000.4,5,May,2023,Spring,False
2023-06-01,34.1,63.5,0.0,17.5,1008.7,6,Jun,2023,Summer,False
2023-06-02,29.7,54.8,0.0,8.9,1010.6,6,Jun,2023,Summer,False
2023-06-03,32.9,53.8,0.0,15.1,1005.8,6,Jun,2023,Summer,False
2023-06-04,34.9,84.1,10.0,10.3,1007.7,6,Jun,2023,Summer,False
2023-06-05,27.7,58.0,14.0,16.0,1002.6,6,Jun,2023,Summer,False
2023-06-06,34.4,48.5,0.0,18.0,1001.9,6,Jun,2023,Summer,False
2023-06-07,30.8,51.4,0.0,10.8,1009.2,6,Jun,2023,Summer,False
2023-06-08,34.5,65.6,7.9,6.9,1004.5,6,Jun,2023,Summer,False
2023-06-09,30.6,56.2,0.0,14.3,999.2,6,Jun,2023,Summer,False
2023-06-10,27.5,42.2,0.0,12.1,1002.5,6,Jun,2023,Summer,False
2023-06-11,28.0,63.4,0.0,13.0,1003.2,6,Jun,2023,Summer,False
2023-06-12,33.1,49.1,5.6,10.5,1011.9,6,Jun,2023,Summer,False
2023-06-13,33.7,71.9,0.0,8.8,1008.9,6,Jun,2023,Summer,False
2023-06-14,30.2,64.8,0.0,15.0,1003.7,6,Jun,2023,Summer,False
2023-06-15,34.9,51.0,0.0,12.5,1005.1,6,Jun,2023,Summer,False
2023-06-16,28.0,66.6,0.0,7.2,1014.6,6,Jun,2023,Summer,False
2023-06-17,32.8,55.6,0.0,13.6,1012.7,6,Jun,2023,Summer,False
2023-06-18,29.4,62.7,0.0,13.0,1002.4,6,Jun,2023,Summer,False
2023-06-19,31.0,59.4,10.8,10.5,1013.8,6,Jun,2023,Summer,False
2023-06-20,33.1,47.4,0.0,16.4,1007.6,6,Jun,2023,Summer,False
2023-06-21,30.4,49.2,0.0,9.6,1012.0,6,Jun,2023,Summer,False
2023-06-22,31.8,64.3,0.0,11.0,1007.2,6,Jun,2023,Summer,False
2023-06-23,36.0,52.0,17.2,13.8,1013.9,6,Jun,2023,Summer,False
2023-06-24,31.3,51.4,37.3,11.7,1002.2,6,Jun,2023,Summer,False
2023-06-25,35.5,46.4,0.0,7.3,1006.7,6,Jun,2023,Summer,False
2023-06-26,29.6,58.9,0.0,12.0,1014.1,6,Jun,2023,Summer,False
2023-06-27,34.5,73.6,0.0,10.2,996.1,6,Jun,2023,Summer,False
2023-06-28,37.3,45.5,0.0,14.1,1007.8,6,Jun,2023,Summer,True
2023-06-29,25.5,55.3,0.0,11.9,1006.1,6,Jun,2023,Summer,False
2023-06-30,30.5,67.8,0.0,11.8,1011.5,6,Jun,2023,Summer,False
2023-07-01,34.6,54.5,0.0,8.3,1013.4,7,Jul,2023,Summer,False
2023-07-02,32.2,59.3,0.0,10.8,1011.8,7,Jul,2023,Summer,False
2023-07-03,33.9,45.7,0.0,14.4,1009.3,7,Jul,2023,Summer,False
2023-07-04,31.0,59.1,11.3,9.1,1008.3,7,Jul,2023,Summer,False
2023-07-05,33.0,53.6,0.0,11.4,1006.4,7,Jul,2023,Summer,False
2023-07-06,32.2,64.2,0.0,8.6,1009.2,7,Jul,2023,Summer,False
2023-07-07,36.2,66.1,0.0,7.9,1015.5,7,Jul,2023,Summer,False
2023-07-08,33.4,78.8,2.3,11.2,1004.1,7,Jul,2023,Summer,False
2023-07-09,33.6,60.7,0.0,11.9,1006.2,7,Jul,2023,Summer,False
2023-07-10,31.3,58.5,12.6,17.4,1007.9,7,Jul,2023,Summer,False
2023-07-11,31.0,57.4,26.4,10.0,1013.3,7,Jul,2023,Summer,False
2023-07-12,31.2,52.5,0.0,11.2,1009.5,7,Jul,2023,Summer,False
2023-07-13,33.6,58.8,0.0,7.6,1013.3,7,Jul,2023,Summer,False
2023-07-14,31.1,53.2,0.0,13.2,1013.6,7,Jul,2023,Summer,False
2023-07-15,33.2,57.4,32.9,12.6,1011.4,7,Jul,2023,Summer,False
2023-07-16,38.5,67.8,6.3,15.8,1003.2,7,Jul,2023,Summer,True
2023-07-17,34.8,47.0,0.0,14.7,1016.8,7,Jul,2023,Summer,False
2023-07-18,31.1,66.4,0.0,12.4,1015.6,7,Jul,2023,Summer,False
2023-07-19,35.6,68.0,0.0,9.9,1008.9,7,Jul,2023,Summer,False
2023-07-20,30.8,55.2,0.0,11.9,1001.7,7,Jul,2023,Summer,False
2023-07-21,25.8,37.3,0.0,11.0,1000.9,7,Jul,2023,Summer,False
2023-07-22,28.8,51.0,0.0,14.1,1010.0,7,Jul,2023,Summer,False
2023-07-23,26.2,68.2,0.0,13.7,1005.3,7,Jul,2023,Summer,False
2023-07-24,30.6,56.4,0.0,10.4,1000.2,7,Jul,2023,Summer,False
2023-07-25,31.7,47.7,0.0,6.9,1001.0,7,Jul,2023,Summer,False
2023-07-26,36.6,52.3,0.0,15.2,1006.6,7,Jul,2023,Summer,False
2023-07-27,32.4,64.5,0.0,13.0,1009.9,7,Jul,2023,Summer,False
2023-07-28,30.7,61.9,0.0,10.2,1016.0,7,Jul,2023,Summer,False
2023-07-29,33.8,55.0,12.4,12.8,1011.5,7,Jul,2023,Summer,False
2023-07-30,24.6,53.9,0.0,11.4,1007.2,7,Jul,2023,Summer,False
2023-07-31,31.8,53.8,9.2,15.1,1011.1,7,Jul,2023,Summer,False
2023-08-01,33.3,49.2,0.0,5.3,1010.7,8,Aug,2023,Summer,False
2023-08-02,26.5,72.1,0.0,9.9,1013.0,8,Aug,2023,Summer,False
2023-08-03,34.3,54.8,0.0,15.9,1009.1,8,Aug,2023,Summer,False
2023-08-04,31.8,68.8,0.0,12.8,1014.6,8,Aug,2023,Summer,False
2023-08-05,29.4,71.6,0.0,16.4,1013.6,8,Aug,2023,Summer,False
2023-08-06,32.5,67.0,0.0,7.4,1009.9,8,Aug,2023,Summer,False
2023-08-07,37.3,54.3,33.6,14.2,1009.0,8,Aug,2023,Summer,True
2023-08-08,30.9,61.9,14.3,14.0,1014.3,8,Aug,2023,Summer,False
2023-08-09,31.0,58.2,0.0,5.9,1006.2,8,Aug,2023,Summer,False
2023-08-10,28.8,50.4,0.0,10.1,1002.3,8,Aug,2023,Summer,False
2023-08-11,27.5,61.6,0.0,10.6,1002.3,8,Aug,2023,Summer,False
2023-08-12,32.4,48.2,3.7,6.1,1005.9,8,Aug,2023,Summer,False
2023-08-13,27.3,69.7,0.0,10.1,1013.3,8,Aug,2023,Summer,False
2023-08-14,29.9,54.9,17.8,13.5,1007.9,8,Aug,2023,Summer,False
2023-08-15,28.2,61.1,0.0,9.7,1011.1,8,Aug,2023,Summer,False
2023-08-16,30.9,61.9,0.0,11.6,1007.7,8,Aug,2023,Summer,False
2023-08-17,30.4,57.2,0.0,11.6,1007.8,8,Aug,2023,Summer,False
2023-08-18,32.4,65.0,10.3,10.8,1005.2,8,Aug,2023,Summer,False
2023-08-19,27.6,55.6,0.0,8.7,1010.0,8,Aug,2023,Summer,False
2023-08-20,28.2,67.8,0.0,12.7,1009.6,8,Aug,2023,Summer,False
2023-08-21,26.0,48.0,0.0,6.0,1012.6,8,Aug,2023,Summer,False
2023-08-22,27.4,61.4,0.0,10.7,1012.1,8,Aug,2023,Summer,False
2023-08-23,29.8,77.9,0.0,14.8,1009.7,8,Aug,2023,Summer,False
2023-08-24,30.8,51.6,0.0,9.3,1003.3,8,Aug,2023,Summer,False
2023-08-25,25.6,54.6,0.0,8.5,1016.2,8,Aug,2023,Summer,False
2023-08-26,30.9,65.5,0.0,12.8,1010.5,8,Aug,2023,Summer,False
2023-08-27,32.2,62.7,0.0,11.1,1011.4,8,Aug,2023,Summer,False
2023-08-28,29.3,64.4,0.0,12.8,1019.1,8,Aug,2023,Summer,False
2023-08-29,33.5,65.8,0.0,10.7,1015.7,8,Aug,2023,Summer,False
2023-08-30,25.5,67.2,18.2,3.4,1013.5,8,Aug,2023,Summer,False
2023-08-31,23.9,71.7,10.0,14.0,1011.3,8,Aug,2023,Summer,False
2023-09-01,22.2,65.5,0.0,16.7,1011.4,9,Sep,2023,Autumn,False
2023-09-02,31.9,59.8,0.0,14.3,1012.7,9,Sep,2023,Autumn,False
2023-09-03,29.2,68.2,0.0,0.0,1013.6,9,Sep,2023,Autumn,False
2023-09-04,27.0,79.4,0.0,11.8,1020.2,9,Sep,2023,Autumn,False
2023-09-05,27.8,61.3,0.0,9.0,1024.1,9,Sep,2023,Autumn,False
2023-09-06,23.5,53.9,0.0,7.1,1013.3,9,Sep,2023,Autumn,False
2023-09-07,34.1,72.8,0.0,10.7,1001.2,9,Sep,2023,Autumn,False
2023-09-08,27.0,61.9,30.4,9.9,1007.2,9,Sep,2023,Autumn,False
2023-09-09,26.8,43.6,0.0,11.8,1021.1,9,Sep,2023,Autumn,False
2023-09-10,28.5,71.0,22.1,10.4,1015.8,9,Sep,2023,Autumn,False
2023-09-11,27.6,58.7,17.8,6.9,1014.4,9,Sep,2023,Autumn,False
2023-09-12,26.7,62.9,0.0,8.5,1011.5,9,Sep,2023,Autumn,False
2023-09-13,23.5,66.9,0.0,8.0,1006.5,9,Sep,2023,Autumn,False
2023-09-14,27.2,65.7,0.0,5.0,1020.9,9,Sep,2023,Autumn,False
2023-09-15,31.3,70.6,0.0,6.0,1008.5,9,Sep,2023,Autumn,False
2023-09-16,29.5,60.5,0.0,9.5,1016.3,9,Sep,2023,Autumn,False
2023-09-17,30.1,69.2,0.0,14.3,1006.3,9,Sep,2023,Autumn,False
2023-09-18,23.7,62.4,9.8,8.4,1011.8,9,Sep,2023,Autumn,False
2023-09-19,22.1,71.5,0.0,7.7,1017.9,9,Sep,2023,Autumn,False
2023-09-20,24.6,70.6,0.0,6.5,1011.8,9,Sep,2023,Autumn,False
2023-09-21,25.0,56.8,0.0,10.1,1011.3,9,Sep,2023,Autumn,False
2023-09-22,28.0,75.2,21.9,13.6,1013.3,9,Sep,2023,Autumn,False
2023-09-23,19.5,60.8,0.0,16.1,1006.6,9,Sep,2023,Autumn,False
2023-09-24,29.0,73.0,0.0,11.0,1005.8,9,Sep,2023,Autumn,False
2023-09-25,23.8,69.2,0.0,10.6,1017.0,9,Sep,2023,Autumn,False
2023-09-26,22.8,82.6,0.0,8.5,1011.4,9,Sep,2023,Autumn,False
2023-09-27,21.0,64.3,0.0,9.1,1017.2,9,Sep,2023,Autumn,False
2023-09-28,18.9,63.3,0.0,12.1,1019.3,9,Sep,2023,Autumn,False
2023-09-29,26.2,66.4,0.0,9.3,1019.8,9,Sep,2023,Autumn,False
2023-09-30,23.8,64.0,0.0,9.8,1005.8,9,Sep,2023,Autumn,False
2023-10-01,19.6,74.1,0.0,10.2,1010.5,10,Oct,2023,Autumn,False
2023-10-02,19.4,52.6,0.0,8.5,1016.7,10,Oct,2023,Autumn,False
2023-10-03,22.2,57.8,0.0,10.1,1016.9,10,Oct,2023,Autumn,False
2023-10-04,28.0,57.8,0.0,4.3,1025.5,10,Oct,2023,Autumn,False
2023-10-05,22.1,76.2,0.0,12.0,1009.8,10,Oct,2023,Autumn,False
2023-10-06,18.3,83.2,0.0,17.5,1020.2,10,Oct,2023,Autumn,False
2023-10-07,21.9,67.0,0.0,8.8,1016.3,10,Oct,2023,Autumn,False
2023-10-08,21.7,66.6,0.0,11.6,1006.4,10,Oct,2023,Autumn,False
2023-10-09,14.3,68.9,0.0,13.0,1011.9,10,Oct,2023,Autumn,False
2023-10-10,22.1,78.9,0.0,14.4,1016.0,10,Oct,2023,Autumn,False
2023-10-11,21.4,60.2,17.4,9.7,1006.3,10,Oct,2023,Autumn,False
2023-10-12,24.1,70.9,0.0,5.2,1004.5,10,Oct,2023,Autumn,False
2023-10-13,27.4,77.7,0.0,11.4,1006.2,10,Oct,2023,Autumn,False
2023-10-14,25.1,73.6,0.0,11.0,1016.3,10,Oct,2023,Autumn,False
2023-10-15,20.8,70.9,0.0,9.6,1012.7,10,Oct,2023,Autumn,False
2023-10-16,18.2,78.4,0.0,10.3,1012.1,10,Oct,2023,Autumn,False
2023-10-17,29.1,45.2,0.0,11.1,1012.3,10,Oct,2023,Autumn,False
2023-10-18,21.4,75.8,18.3,11.8,1008.2,10,Oct,2023,Autumn,False
2023-10-19,21.2,64.0,0.0,11.7,1013.1,10,Oct,2023,Autumn,False
2023-10-20,20.9,53.5,0.0,10.1,1006.4,10,Oct,2023,Autumn,False
2023-10-21,21.5,74.7,0.0,11.9,1021.5,10,Oct,2023,Autumn,False
2023-10-22,20.3,82.6,0.0,9.9,1024.1,10,Oct,2023,Autumn,False
2023-10-23,18.9,69.2,0.0,12.7,1004.1,10,Oct,2023,Autumn,False
2023-10-24,18.9,79.2,14.2,9.0,1013.4,10,Oct,2023,Autumn,False
2023-10-25,20.3,85.2,0.0,11.1,1013.8,10,Oct,2023,Autumn,False
2023-10-26,18.7,82.7,0.0,6.0,1015.1,10,Oct,2023,Autumn,False
2023-10-27,18.1,85.8,0.0,9.8,1021.0,10,Oct,2023,Autumn,False
2023-10-28,20.4,77.8,0.0,12.6,1013.7,10,Oct,2023,Autumn,False
2023-10-29,19.2,71.9,17.1,7.8,1015.7,10,Oct,2023,Autumn,False
2023-10-30,24.4,57.0,21.2,10.0,1031.1,10,Oct,2023,Autumn,False
2023-10-31,11.8,69.3,0.0,3.8,1015.7,10,Oct,2023,Autumn,True
2023-11-01,22.9,64.1,0.0,6.9,1025.2,11,Nov,2023,Autumn,False
2023-11-02,23.3,91.3,12.8,7.7,1018.9,11,Nov,2023,Autumn,False
2023-11-03,13.2,70.3,0.0,11.3,1013.7,11,Nov,2023,Autumn,True
2023-11-04,18.3,73.1,0.0,12.1,1012.9,11,Nov,2023,Autumn,False
2023-11-05,18.2,77.1,0.0,10.9,1016.5,11,Nov,2023,Autumn,False
2023-11-06,15.0,72.7,0.0,9.9,1011.0,11,Nov,2023,Autumn,False
2023-11-07,16.8,87.6,6.6,10.0,1012.4,11,Nov,2023,Autumn,False
2023-11-08,15.7,66.9,24.0,13.3,1014.6,11,Nov,2023,Autumn,False
2023-11-09,24.2,74.4,0.0,11.8,1018.3,11,Nov,2023,Autumn,False
2023-11-10,21.6,66.0,0.0,10.2,1026.0,11,Nov,2023,Autumn,False
2023-11-11,22.5,61.0,0.0,15.1,1014.5,11,Nov,2023,Autumn,False
2023-11-12,20.8,67.4,0.0,17.0,1019.3,11,Nov,2023,Autumn,False
2023-11-13,15.2,72.7,0.0,7.5,1008.9,11,Nov,2023,Autumn,False
2023-11-14,16.9,69.3,0.0,12.8,1022.4,11,Nov,2023,Autumn,False
2023-11-15,19.9,67.0,0.0,20.5,1008.5,11,Nov,2023,Autumn,False
2023-11-16,14.7,60.7,0.0,12.1,1021.2,11,Nov,2023,Autumn,False
2023-11-17,20.4,72.7,0.0,11.6,1016.8,11,Nov,2023,Autumn,False
2023-11-18,17.5,60.0,6.0,11.1,1016.7,11,Nov,2023,Autumn,False
2023-11-19,17.0,80.5,0.0,12.8,1015.8,11,Nov,2023,Autumn,False
2023-11-20,20.2,74.4,27.1,13.6,1010.8,11,Nov,2023,Autumn,False
2023-11-21,19.3,60.7,0.0,7.6,1011.2,11,Nov,2023,Autumn,False
2023-11-22,16.8,71.1,0.0,11.3,1021.6,11,Nov,2023,Autumn,False
2023-11-23,21.3,67.2,0.0,4.5,1017.5,11,Nov,2023,Autumn,False
2023-11-24,14.5,76.9,0.0,10.7,1016.0,11,Nov,2023,Autumn,False
2023-11-25,19.6,86.2,1.8,8.7,1019.8,11,Nov,2023,Autumn,False
2023-11-26,19.4,57.3,11.7,12.4,1018.1,11,Nov,2023,Autumn,False
2023-11-27,16.7,75.3,0.0,6.4,1013.7,11,Nov,2023,Autumn,False
2023-11-28,18.5,72.9,29.2,9.9,1030.0,11,Nov,2023,Autumn,False
2023-11-29,13.8,80.4,0.0,14.3,1021.4,11,Nov,2023,Autumn,False
2023-11-30,20.2,76.3,0.0,9.4,1018.3,11,Nov,2023,Autumn,False
2023-12-01,16.9,67.7,0.0,5.7,1015.2,12,Dec,2023,Winter,False
2023-12-02,15.8,71.7,0.0,12.2,1022.5,12,Dec,2023,Winter,False
2023-12-03,20.5,67.4,19.8,9.7,1013.9,12,Dec,2023,Winter,False
2023-12-04,15.2,84.3,0.0,10.9,1013.5,12,Dec,2023,Winter,False
2023-12-05,13.0,74.9,0.0,9.3,1026.3,12,Dec,2023,Winter,True
2023-12-06,12.6,91.8,23.7,17.4,1018.0,12,Dec,2023,Winter,True
2023-12-07,19.0,74.2,0.0,6.8,1014.1,12,Dec,2023,Winter,False
2023-12-08,13.3,68.4,32.2,20.0,1017.9,12,Dec,2023,Winter,True
2023-12-09,22.4,61.2,0.0,10.3,1022.2,12,Dec,2023,Winter,False
2023-12-10,10.9,58.6,0.0,12.0,1021.0,12,Dec,2023,Winter,True
2023-12-11,22.2,60.6,2.8,9.8,1022.8,12,Dec,2023,Winter,False
2023-12-12,17.7,77.3,0.0,9.6,1011.7,12,Dec,2023,Winter,False
2023-12-13,16.8,79.5,0.0,9.1,1022.7,12,Dec,2023,Winter,False
2023-12-14,15.4,60.7,0.0,13.3,1017.1,12,Dec,2023,Winter,False
2023-12-15,18.2,83.0,0.0,7.3,1018.4,12,Dec,2023,Winter,False
2023-12-16,16.9,70.6,0.0,12.6,1024.0,12,Dec,2023,Winter,False
2023-12-17,20.3,76.3,16.7,4.9,1021.5,12,Dec,2023,Winter,False
2023-12-18,17.3,89.5,16.9,12.3,1019.8,12,Dec,2023,Winter,False
2023-12-19,17.5,83.1,9.2,14.0,1008.1,12,Dec,2023,Winter,False
2023-12-20,15.9,72.6,0.0,7.7,1017.8,12,Dec,2023,Winter,False
2023-12-21,16.8,67.0,0.0,13.5,1014.1,12,Dec,2023,Winter,False
2023-12-22,17.9,55.6,0.0,11.7,1021.6,12,Dec,2023,Winter,False
2023-12-23,11.9,68.5,0.0,16.3,1022.9,12,Dec,2023,Winter,True
2023-12-24,13.0,73.1,9.8,8.9,1016.5,12,Dec,2023,Winter,True
2023-12-25,19.3,66.1,0.0,19.9,1014.6,12,Dec,2023,Winter,False
2023-12-26,17.6,73.8,6.7,4.3,1025.8,12,Dec,2023,Winter,False
2023-12-27,16.5,75.6,30.1,10.5,1014.9,12,Dec,2023,Winter,False
2023-12-28,17.1,72.9,27.8,6.4,1012.0,12,Dec,2023,Winter,False
2023-12-29,18.1,69.0,0.0,17.0,1013.8,12,Dec,2023,Winter,False
2023-12-30,15.5,76.4,30.0,10.7,1015.2,12,Dec,2023,Winter,False
2023-12-31,14.8,78.8,13.6,11.0,1013.6,12,Dec,2023,Winter,False
2024-01-01,17.8,65.0,26.2,12.8,1022.1,1,Jan,2024,Winter,False
2024-01-02,14.3,87.4,21.7,11.4,1006.9,1,Jan,2024,Winter,False
2024-01-03,18.5,73.8,0.0,9.7,1013.4,1,Jan,2024,Winter,False
2024-01-04,12.2,74.8,0.0,7.7,1017.6,1,Jan,2024,Winter,True
2024-01-05,20.4,81.0,0.0,11.9,1018.9,1,Jan,2024,Winter,False
2024-01-06,18.8,76.7,0.0,12.6,1026.2,1,Jan,2024,Winter,False
2024-01-07,18.2,83.1,11.4,13.5,1025.5,1,Jan,2024,Winter,False
2024-01-08,20.4,77.0,0.0,17.2,1009.7,1,Jan,2024,Winter,False
2024-01-09,22.5,68.9,33.3,4.9,1008.2,1,Jan,2024,Winter,False
2024-01-10,20.6,77.6,27.8,11.2,1017.8,1,Jan,2024,Winter,False
2024-01-11,12.1,64.0,19.1,15.0,1014.3,1,Jan,2024,Winter,True
2024-01-12,13.8,75.2,7.5,11.0,1011.6,1,Jan,2024,Winter,False
2024-01-13,15.8,73.8,2.7,4.4,1017.6,1,Jan,2024,Winter,False
2024-01-14,17.8,72.2,0.0,7.5,1018.7,1,Jan,2024,Winter,False
2024-01-15,19.4,72.8,0.0,12.3,1013.3,1,Jan,2024,Winter,False
2024-01-16,15.7,57.0,23.9,12.2,1014.3,1,Jan,2024,Winter,False
2024-01-17,18.5,68.9,11.5,13.3,1013.6,1,Jan,2024,Winter,False
2024-01-18,15.7,74.6,0.0,9.0,1015.3,1,Jan,2024,Winter,False
2024-01-19,16.2,75.1,21.8,12.1,1020.0,1,Jan,2024,Winter,False
2024-01-20,13.9,64.3,0.0,8.5,1011.9,1,Jan,2024,Winter,False
2024-01-21,15.4,84.9,0.0,12.1,1014.0,1,Jan,2024,Winter,False
2024-01-22,14.2,65.6,8.1,11.4,1015.2,1,Jan,2024,Winter,False
2024-01-23,15.4,82.0,20.8,8.8,1017.1,1,Jan,2024,Winter,False
2024-01-24,21.6,77.1,0.0,15.9,1018.5,1,Jan,2024,Winter,False
2024-01-25,15.7,67.3,31.4,6.1,1027.3,1,Jan,2024,Winter,False
2024-01-26,26.5,89.0,0.0,10.8,1019.9,1,Jan,2024,Winter,False
2024-01-27,20.2,62.2,0.0,8.7,1019.9,1,Jan,2024,Winter,False
2024-01-28,19.3,81.1,18.3,16.7,1015.6,1,Jan,2024,Winter,False
2024-01-29,16.3,81.7,0.0,12.9,1011.9,1,Jan,2024,Winter,False
2024-01-30,21.0,66.5,0.0,9.2,1014.1,1,Jan,2024,Winter,False
2024-01-31,17.3,85.0,32.1,10.3,1013.2,1,Jan,2024,Winter,False
2024-02-01,19.5,70.1,0.0,16.7,1018.6,2,Feb,2024,Winter,False
2024-02-02,26.9,74.8,9.4,8.2,1008.4,2,Feb,2024,Winter,False
2024-02-03,19.0,74.5,0.0,5.8,1019.5,2,Feb,2024,Winter,False
2024-02-04,22.9,70.8,26.3,11.9,1015.9,2,Feb,2024,Winter,False
2024-02-05,17.4,79.2,0.0,12.0,1020.1,2,Feb,2024,Winter,False
2024-02-06,19.5,78.9,0.0,13.0,1012.8,2,Feb,2024,Winter,False
2024-02-07,25.0,55.9,0.0,13.0,1011.8,2,Feb,2024,Winter,False
2024-02-08,17.9,83.2,26.2,16.3,1014.2,2,Feb,2024,Winter,False
2024-02-09,25.4,56.4,0.0,5.8,1014.0,2,Feb,2024,Winter,False
2024-02-10,22.1,80.5,0.0,7.3,1020.1,2,Feb,2024,Winter,False
2024-02-11,18.4,81.2,0.0,12.9,1020.0,2,Feb,2024,Winter,False
2024-02-12,22.1,61.1,0.0,7.6,1025.5,2,Feb,2024,Winter,False
2024-02-13,23.3,67.1,0.0,6.5,1013.4,2,Feb,2024,Winter,False
2024-02-14,22.3,60.7,0.0,16.4,999.1,2,Feb,2024,Winter,False
2024-02-15,15.9,68.6,0.0,6.0,1013.7,2,Feb,2024,Winter,False
2024-02-16,18.5,67.6,0.0,9.8,1016.8,2,Feb,2024,Winter,False
2024-02-17,20.1,77.2,0.0,10.6,1019.2,2,Feb,2024,Winter,False
2024-02-18,20.7,81.9,0.0,14.7,1017.1,2,Feb,2024,Winter,False
2024-02-19,22.9,82.5,0.0,5.1,1013.0,2,Feb,2024,Winter,False
2024-02-20,21.7,64.7,0.0,12.0,1024.0,2,Feb,2024,Winter,False
2024-02-21,17.3,67.7,0.0,8.0,1010.1,2,Feb,2024,Winter,False
2024-02-22,22.6,54.3,5.3,12.6,1013.9,2,Feb,2024,Winter,False
2024-02-23,23.4,62.1,0.0,7.9,1009.8,2,Feb,2024,Winter,False
2024-02-24,23.3,77.9,0.0,15.3,1015.2,2,Feb,2024,Winter,False
2024-02-25,25.0,83.6,0.0,7.9,1023.0,2,Feb,2024,Winter,False
2024-02-26,24.4,57.7,0.0,3.2,1014.2,2,Feb,2024,Winter,False
2024-02-27,23.4,63.4,0.0,8.2,1014.2,2,Feb,2024,Winter,False
2024-02-28,22.0,68.3,0.0,9.7,1006.3,2,Feb,2024,Winter,False
2024-02-29,17.3,70.9,0.0,13.8,1013.3,2,Feb,2024,Winter,False
2024-03-01,23.7,60.9,0.0,6.7,1020.4,3,Mar,2024,Spring,False
2024-03-02,23.2,71.9,0.0,6.7,1013.3,3,Mar,2024,Spring,False
2024-03-03,23.5,63.6,0.0,13.3,1012.9,3,Mar,2024,Spring,False
2024-03-04,19.0,67.6,0.0,6.3,1019.9,3,Mar,2024,Spring,False
2024-03-05,19.7,72.5,7.0,9.8,1012.7,3,Mar,2024,Spring,False
2024-03-06,26.3,67.4,19.1,9.9,1020.7,3,Mar,2024,Spring,False
2024-03-07,23.1,63.3,0.0,11.0,1007.7,3,Mar,2024,Spring,False
2024-03-08,25.4,66.1,10.2,8.1,1017.4,3,Mar,2024,Spring,False
2024-03-09,23.6,66.1,0.0,7.5,1022.2,3,Mar,2024,Spring,False
2024-03-10,23.7,63.4,0.0,11.3,1018.9,3,Mar,2024,Spring,False
2024-03-11,26.6,64.2,0.0,7.5,1004.4,3,Mar,2024,Spring,False
2024-03-12,22.4,80.8,0.0,6.1,1010.5,3,Mar,2024,Spring,False
2024-03-13,24.3,71.2,0.0,13.9,1012.4,3,Mar,2024,Spring,False
2024-03-14,22.8,63.4,0.0,11.6,1018.6,3,Mar,2024,Spring,False
2024-03-15,23.0,72.1,0.0,15.4,1006.8,3,Mar,2024,Spring,False
2024-03-16,23.5,62.7,0.0,12.5,1008.2,3,Mar,2024,Spring,False
2024-03-17,25.3,76.1,9.0,6.3,1005.2,3,Mar,2024,Spring,False
2024-03-18,23.3,68.7,0.0,10.3,1009.0,3,Mar,2024,Spring,False
2024-03-19,28.6,64.2,0.0,7.0,1006.8,3,Mar,2024,Spring,False
2024-03-20,22.3,69.0,0.0,5.0,1021.0,3,Mar,2024,Spring,False
2024-03-21,24.6,50.7,0.0,8.7,1009.7,3,Mar,2024,Spring,False
2024-03-22,24.0,54.5,0.0,13.0,1016.3,3,Mar,2024,Spring,False
2024-03-23,29.8,53.7,0.0,10.9,1012.8,3,Mar,2024,Spring,False
2024-03-24,26.1,65.6,0.0,5.9,1012.7,3,Mar,2024,Spring,False
2024-03-25,28.8,79.7,0.0,8.7,1009.6,3,Mar,2024,Spring,False
2024-03-26,21.4,84.1,0.0,9.7,1016.3,3,Mar,2024,Spring,False
2024-03-27,26.8,69.5,0.0,5.1,1013.2,3,Mar,2024,Spring,False
2024-03-28,28.8,68.1,6.4,12.3,1012.8,3,Mar,2024,Spring,False
2024-03-29,26.5,47.2,0.0,9.5,1009.3,3,Mar,2024,Spring,False
2024-03-30,29.6,58.4,0.0,6.1,1010.0,3,Mar,2024,Spring,False
2024-03-31,25.0,56.0,0.0,5.9,1015.0,3,Mar,2024,Spring,False
2024-04-01,30.9,57.4,9.5,13.6,1013.1,4,Apr,2024,Spring,False
2024-04-02,33.7,61.3,0.0,9.2,1012.5,4,Apr,2024,Spring,False
2024-04-03,25.8,58.4,0.0,13.9,1008.0,4,Apr,2024,Spring,False
2024-04-04,25.7,44.6,0.0,15.1,1021.4,4,Apr,2024,Spring,False
2024-04-05,31.5,69.0,15.1,13.5,1009.2,4,Apr,2024,Spring,False
2024-04-06,32.0,52.5,0.0,8.8,1011.4,4,Apr,2024,Spring,False
2024-04-07,25.9,64.1,0.0,3.0,1010.5,4,Apr,2024,Spring,False
2024-04-08,26.3,80.5,0.0,11.4,1021.2,4,Apr,2024,Spring,False
2024-04-09,26.9,53.4,0.0,16.8,1009.9,4,Apr,2024,Spring,False
2024-04-10,23.8,38.7,0.0,10.4,1009.3,4,Apr,2024,Spring,False
2024-04-11,25.2,58.7,0.0,4.6,1011.7,4,Apr,2024,Spring,False
2024-04-12,25.1,71.1,26.0,8.6,1007.6,4,Apr,2024,Spring,False
2024-04-13,25.9,78.6,0.0,10.1,1011.6,4,Apr,2024,Spring,False
2024-04-14,28.2,49.8,0.0,7.3,1022.8,4,Apr,2024,Spring,False
2024-04-15,29.2,65.1,0.0,3.0,1012.3,4,Apr,2024,Spring,False
2024-04-16,33.2,56.3,0.0,10.4,1012.1,4,Apr,2024,Spring,False
2024-04-17,25.7,59.4,10.5,8.3,1007.1,4,Apr,2024,Spring,False
2024-04-18,31.8,84.0,0.0,16.0,1019.2,4,Apr,2024,Spring,False
2024-04-19,28.3,46.5,0.0,11.0,1020.2,4,Apr,2024,Spring,False
2024-04-20,28.9,62.2,1.6,12.2,1014.7,4,Apr,2024,Spring,False
2024-04-21,31.2,64.0,0.0,10.4,1013.7,4,Apr,2024,Spring,False
2024-04-22,25.9,69.4,0.0,11.1,1009.1,4,Apr,2024,Spring,False
2024-04-23,30.6,60.4,12.7,5.9,1012.2,4,Apr,2024,Spring,False
2024-04-24,30.0,62.1,0.0,7.7,1006.0,4,Apr,2024,Spring,False
2024-04-25,31.1,55.7,5.9,14.1,1004.5,4,Apr,2024,Spring,False
2024-04-26,30.6,61.5,0.0,11.5,1002.6,4,Apr,2024,Spring,False
2024-04-27,37.2,55.8,0.0,9.7,1012.0,4,Apr,2024,Spring,True
2024-04-28,28.1,64.4,0.0,12.4,1003.0,4,Apr,2024,Spring,False
2024-04-29,28.5,55.3,0.0,12.5,1007.3,4,Apr,2024,Spring,False
2024-04-30,28.3,61.9,0.0,16.9,1009.5,4,Apr,2024,Spring,False
2024-05-01,28.6,58.1,10.0,11.5,1014.7,5,May,2024,Spring,False
2024-05-02,28.5,68.4,0.0,7.8,1006.7,5,May,2024,Spring,False
2024-05-03,34.1,57.7,0.0,10.7,1015.1,5,May,2024,Spring,False
2024-05-04,34.9,42.1,0.0,12.9,1014.2,5,May,2024,Spring,False
2024-05-05,29.0,69.2,0.0,14.1,1004.1,5,May,2024,Spring,False
2024-05-06,28.3,49.6,0.0,6.2,1015.0,5,May,2024,Spring,False
2024-05-07,32.3,51.8,0.0,11.9,1007.9,5,May,2024,Spring,False
2024-05-08,29.3,52.2,0.0,8.4,1006.8,5,May,2024,Spring,False
2024-05-09,33.0,69.8,8.3,9.4,1007.8,5,May,2024,Spring,False
2024-05-10,31.8,38.1,3.6,13.7,1009.1,5,May,2024,Spring,False
2024-05-11,26.7,85.4,9.8,13.4,1007.0,5,May,2024,Spring,False
2024-05-12,36.0,66.6,0.0,9.2,1004.8,5,May,2024,Spring,False
2024-05-13,36.8,59.0,0.0,10.7,1005.2,5,May,2024,Spring,False
2024-05-14,29.7,56.4,0.0,9.6,1009.6,5,May,2024,Spring,False
2024-05-15,30.4,59.4,0.0,19.9,1008.1,5,May,2024,Spring,False
2024-05-16,32.5,61.4,0.0,12.1,1011.5,5,May,2024,Spring,False
2024-05-17,32.7,62.4,0.0,8.7,1009.1,5,May,2024,Spring,False
2024-05-18,33.8,61.5,12.4,15.2,1009.1,5,May,2024,Spring,False
2024-05-19,37.9,57.2,22.9,15.4,1011.7,5,May,2024,Spring,True
2024-05-20,31.4,54.6,0.0,16.7,1015.8,5,May,2024,Spring,False
2024-05-21,29.6,54.9,0.0,17.6,1015.9,5,May,2024,Spring,False
2024-05-22,27.9,54.4,0.0,13.4,1015.3,5,May,2024,Spring,False
2024-05-23,29.9,66.3,7.8,10.3,1012.9,5,May,2024,Spring,False
2024-05-24,32.1,61.3,9.6,10.7,1018.9,5,May,2024,Spring,False
2024-05-25,37.6,29.5,0.0,10.5,1010.7,5,May,2024,Spring,True
2024-05-26,30.8,61.8,9.0,10.2,1010.1,5,May,2024,Spring,False
2024-05-27,33.0,57.5,41.5,15.1,1019.6,5,May,2024,Spring,False
2024-05-28,32.4,55.6,0.0,11.4,994.7,5,May,2024,Spring,False
2024-05-29,36.0,52.2,20.8,14.3,1007.3,5,May,2024,Spring,False
2024-05-30,40.1,65.7,0.0,13.4,1014.6,5,May,2024,Spring,True
2024-05-31,31.0,64.1,0.0,8.1,1013.2,5,May,2024,Spring,False
2024-06-01,31.1,48.5,30.6,6.3,1021.1,6,Jun,2024,Summer,False
2024-06-02,35.8,59.1,0.0,7.7,1008.8,6,Jun,2024,Summer,False
2024-06-03,34.7,46.6,0.0,10.2,1006.0,6,Jun,2024,Summer,False
2024-06-04,38.3,42.9,0.0,11.9,1006.5,6,Jun,2024,Summer,True
2024-06-05,34.5,49.7,0.0,9.5,1009.7,6,Jun,2024,Summer,False
2024-06-06,31.7,63.0,7.8,13.6,1016.2,6,Jun,2024,Summer,False
2024-06-07,34.6,63.8,0.0,9.9,1016.3,6,Jun,2024,Summer,False
2024-06-08,36.2,59.8,14.0,12.2,1007.8,6,Jun,2024,Summer,False
2024-06-09,35.3,61.7,0.0,11.8,1009.3,6,Jun,2024,Summer,False
2024-06-10,34.4,59.8,0.0,16.7,1005.0,6,Jun,2024,Summer,False
2024-06-11,36.1,49.3,0.0,8.6,1005.5,6,Jun,2024,Summer,False
2024-06-12,36.4,59.0,0.0,18.1,1013.3,6,Jun,2024,Summer,False
2024-06-13,37.1,62.3,33.6,9.7,1016.0,6,Jun,2024,Summer,True
2024-06-14,34.9,61.8,6.5,7.5,1004.5,6,Jun,2024,Summer,False
2024-06-15,32.5,65.7,0.0,10.8,1009.2,6,Jun,2024,Summer,False
2024-06-16,33.4,61.4,0.0,21.2,1006.8,6,Jun,2024,Summer,False
2024-06-17,36.6,58.2,0.0,14.2,1012.3,6,Jun,2024,Summer,False
2024-06-18,30.5,64.6,28.0,13.3,1006.1,6,Jun,2024,Summer,False
2024-06-19,34.1,54.8,0.0,13.9,998.4,6,Jun,2024,Summer,False
2024-06-20,31.8,47.1,9.2,9.2,1013.0,6,Jun,2024,Summer,False
2024-06-21,33.1,53.5,0.0,12.5,1006.5,6,Jun,2024,Summer,False
2024-06-22,36.8,48.3,0.0,11.5,1007.0,6,Jun,2024,Summer,False
2024-06-23,33.6,48.9,0.0,16.9,1010.2,6,Jun,2024,Summer,False
2024-06-24,33.1,53.7,0.0,11.2,1009.8,6,Jun,2024,Summer,False
2024-06-25,28.9,47.9,0.0,10.4,1010.3,6,Jun,2024,Summer,False
2024-06-26,35.2,52.3,0.0,8.0,999.9,6,Jun,2024,Summer,False
2024-06-27,34.9,38.0,0.0,11.9,1010.8,6,Jun,2024,Summer,False
2024-06-28,39.4,57.0,0.0,12.4,998.5,6,Jun,2024,Summer,True
2024-06-29,32.0,55.1,0.0,7.9,1011.9,6,Jun,2024,Summer,False
2024-06-30,33.5,47.8,0.0,12.8,1013.7,6,Jun,2024,Summer,False
2024-07-01,33.6,61.1,0.0,12.2,1001.3,7,Jul,2024,Summer,False
2024-07-02,37.5,63.7,0.0,14.5,1009.8,7,Jul,2024,Summer,True
2024-07-03,32.5,40.8,0.0,15.1,1013.4,7,Jul,2024,Summer,False
2024-07-04,33.6,48.5,0.0,11.7,1005.9,7,Jul,2024,Summer,False
2024-07-05,34.5,48.4,28.0,8.3,1011.5,7,Jul,2024,Summer,False
2024-07-06,33.2,47.0,0.0,8.9,994.3,7,Jul,2024,Summer,False
2024-07-07,31.3,62.9,0.0,16.7,1013.7,7,Jul,2024,Summer,False
2024-07-08,33.2,53.8,0.0,11.9,1008.4,7,Jul,2024,Summer,False
2024-07-09,35.8,53.2,0.0,16.7,1007.0,7,Jul,2024,Summer,False
2024-07-10,29.4,37.6,0.0,12.9,1013.2,7,Jul,2024,Summer,False
2024-07-11,32.8,61.4,0.0,13.7,1017.0,7,Jul,2024,Summer,False
2024-07-12,30.3,44.6,7.3,14.2,1010.8,7,Jul,2024,Summer,False
2024-07-13,35.9,56.4,0.0,7.7,1016.5,7,Jul,2024,Summer,False
2024-07-14,27.7,58.4,0.0,12.3,1000.7,7,Jul,2024,Summer,False
2024-07-15,30.6,68.2,0.0,7.6,1011.8,7,Jul,2024,Summer,False
2024-07-16,33.3,44.3,0.0,10.5,1007.9,7,Jul,2024,Summer,False
2024-07-17,36.8,28.9,0.0,13.3,1004.6,7,Jul,2024,Summer,False
2024-07-18,31.8,57.8,8.8,8.2,999.0,7,Jul,2024,Summer,False
2024-07-19,30.3,72.5,0.0,13.0,1011.7,7,Jul,2024,Summer,False
2024-07-20,37.6,67.5,0.0,6.8,1013.1,7,Jul,2024,Summer,True
2024-07-21,27.5,58.3,19.5,14.7,1015.4,7,Jul,2024,Summer,False
2024-07-22,25.2,52.1,6.5,9.3,1014.7,7,Jul,2024,Summer,False
2024-07-23,33.0,63.9,17.8,8.2,1005.0,7,Jul,2024,Summer,False
2024-07-24,30.1,48.0,0.0,6.9,1015.3,7,Jul,2024,Summer,False
2024-07-25,28.5,61.1,25.4,9.5,1015.9,7,Jul,2024,Summer,False
2024-07-26,33.6,61.5,0.0,5.5,1007.7,7,Jul,2024,Summer,False
2024-07-27,32.1,66.6,0.0,9.6,1009.2,7,Jul,2024,Summer,False
2024-07-28,29.6,82.0,0.0,14.5,1004.4,7,Jul,2024,Summer,False
2024-07-29,27.4,60.8,0.0,10.6,1016.5,7,Jul,2024,Summer,False
2024-07-30,33.7,52.8,0.0,7.6,1001.6,7,Jul,2024,Summer,False
2024-07-31,33.0,57.2,0.0,11.8,1011.9,7,Jul,2024,Summer,False
2024-08-01,30.6,41.7,0.0,11.5,1006.3,8,Aug,2024,Summer,False
2024-08-02,36.4,51.4,0.0,17.0,1003.8,8,Aug,2024,Summer,False
2024-08-03,27.5,54.1,0.0,13.5,1000.0,8,Aug,2024,Summer,False
2024-08-04,26.1,53.2,0.0,12.0,1008.4,8,Aug,2024,Summer,False
2024-08-05,28.5,59.4,0.0,13.8,1003.2,8,Aug,2024,Summer,False
2024-08-06,30.3,50.8,0.0,10.6,1009.9,8,Aug,2024,Summer,False
2024-08-07,31.1,68.4,20.9,10.8,1018.5,8,Aug,2024,Summer,False
2024-08-08,29.5,58.4,2.2,16.0,1010.7,8,Aug,2024,Summer,False
2024-08-09,31.2,58.5,21.2,6.1,1019.8,8,Aug,2024,Summer,False
2024-08-10,26.3,55.7,0.0,13.8,1004.9,8,Aug,2024,Summer,False
2024-08-11,34.3,60.2,0.0,10.6,1003.5,8,Aug,2024,Summer,False
2024-08-12,29.6,66.4,0.0,10.0,1004.8,8,Aug,2024,Summer,False
2024-08-13,33.1,51.3,0.0,9.2,1009.7,8,Aug,2024,Summer,False
2024-08-14,30.6,53.3,0.0,11.3,1023.7,8,Aug,2024,Summer,False
2024-08-15,30.9,56.7,0.0,10.7,1001.9,8,Aug,2024,Summer,False
2024-08-16,31.1,47.4,0.0,9.6,1013.4,8,Aug,2024,Summer,False
2024-08-17,30.6,52.3,0.0,8.7,1006.8,8,Aug,2024,Summer,False
2024-08-18,31.1,55.5,0.0,5.1,1009.3,8,Aug,2024,Summer,False
2024-08-19,33.0,67.8,22.9,8.6,1004.2,8,Aug,2024,Summer,False
2024-08-20,29.5,62.5,12.1,9.2,1015.0,8,Aug,2024,Summer,False
2024-08-21,30.9,62.0,0.0,11.2,1010.4,8,Aug,2024,Summer,False
2024-08-22,28.4,68.1,0.0,16.6,1016.1,8,Aug,2024,Summer,False
2024-08-23,32.9,59.3,0.0,8.8,1011.7,8,Aug,2024,Summer,False
2024-08-24,26.4,64.2,17.7,7.6,1001.2,8,Aug,2024,Summer,False
2024-08-25,33.7,60.0,0.0,8.5,1016.4,8,Aug,2024,Summer,False
2024-08-26,28.0,63.4,0.0,11.1,1001.0,8,Aug,2024,Summer,False
2024-08-27,23.7,56.0,0.0,12.3,1001.8,8,Aug,2024,Summer,False
2024-08-28,28.3,39.4,0.0,12.7,1006.6,8,Aug,2024,Summer,False
2024-08-29,25.7,60.3,0.0,13.0,1006.7,8,Aug,2024,Summer,False
2024-08-30,30.2,74.5,0.0,13.4,1018.3,8,Aug,2024,Summer,False
2024-08-31,25.6,70.2,0.0,9.6,1010.6,8,Aug,2024,Summer,False
2024-09-01,26.1,70.7,8.1,16.6,1017.7,9,Sep,2024,Autumn,False
2024-09-02,21.6,73.3,7.7,9.4,1008.7,9,Sep,2024,Autumn,False
2024-09-03,25.8,63.1,0.0,10.7,1013.3,9,Sep,2024,Autumn,False
2024-09-04,19.7,64.3,0.0,14.3,1014.1,9,Sep,2024,Autumn,False
2024-09-05,22.1,57.1,0.0,12.0,1015.3,9,Sep,2024,Autumn,False
2024-09-06,29.0,60.0,0.0,3.6,1009.6,9,Sep,2024,Autumn,False
2024-09-07,28.9,68.6,0.0,10.3,1010.1,9,Sep,2024,Autumn,False
2024-09-08,27.7,74.0,0.0,12.9,1010.6,9,Sep,2024,Autumn,False
2024-09-09,23.4,62.1,0.0,6.2,1003.9,9,Sep,2024,Autumn,False
2024-09-10,26.0,59.5,0.0,12.5,1011.8,9,Sep,2024,Autumn,False
2024-09-11,26.0,63.7,0.0,11.4,1010.4,9,Sep,2024,Autumn,False
2024-09-12,22.4,69.3,0.0,13.7,1015.3,9,Sep,2024,Autumn,False
2024-09-13,30.3,51.0,0.0,8.1,1013.0,9,Sep,2024,Autumn,False
2024-09-14,28.3,43.5,0.0,13.1,1019.3,9,Sep,2024,Autumn,False
2024-09-15,24.8,59.4,7.6,10.6,1013.0,9,Sep,2024,Autumn,False
2024-09-16,25.4,53.6,0.0,15.4,1010.0,9,Sep,2024,Autumn,False
2024-09-17,25.8,60.1,0.0,18.4,1013.1,9,Sep,2024,Autumn,False
2024-09-18,19.0,63.6,9.9,14.6,1016.6,9,Sep,2024,Autumn,False
2024-09-19,24.2,61.0,0.0,11.5,1004.2,9,Sep,2024,Autumn,False
2024-09-20,22.8,78.3,0.0,17.0,1009.5,9,Sep,2024,Autumn,False
2024-09-21,21.7,68.3,9.2,11.9,1009.7,9,Sep,2024,Autumn,False
2024-09-22,23.7,68.3,0.0,7.4,1015.3,9,Sep,2024,Autumn,False
2024-09-23,29.8,71.4,0.0,10.0,1016.0,9,Sep,2024,Autumn,False
2024-09-24,26.2,55.7,28.2,12.4,1014.0,9,Sep,2024,Autumn,False
2024-09-25,22.4,75.4,0.0,12.6,1001.2,9,Sep,2024,Autumn,False
2024-09-26,25.7,65.6,0.0,6.8,1005.4,9,Sep,2024,Autumn,False
2024-09-27,28.0,72.5,7.4,6.9,1012.5,9,Sep,2024,Autumn,False
2024-09-28,26.5,57.0,0.0,9.2,1011.3,9,Sep,2024,Autumn,False
2024-09-29,23.8,52.8,0.0,11.9,1013.9,9,Sep,2024,Autumn,False
2024-09-30,21.5,74.3,40.3,12.3,1011.6,9,Sep,2024,Autumn,False
2024-10-01,25.4,70.5,7.6,10.7,1021.7,10,Oct,2024,Autumn,False
2024-10-02,24.4,59.2,0.0,7.8,1002.7,10,Oct,2024,Autumn,False
2024-10-03,25.7,59.6,0.0,15.6,1015.7,10,Oct,2024,Autumn,False
2024-10-04,24.8,77.7,0.0,7.2,1018.4,10,Oct,2024,Autumn,False
2024-10-05,25.9,57.1,0.0,14.3,1017.9,10,Oct,2024,Autumn,False
2024-10-06,21.0,82.7,0.0,12.7,1018.4,10,Oct,2024,Autumn,False
2024-10-07,26.5,60.0,0.0,14.3,1019.2,10,Oct,2024,Autumn,False
2024-10-08,23.0,74.0,0.0,9.2,1011.6,10,Oct,2024,Autumn,False
2024-10-09,28.5,65.5,0.0,10.1,1009.2,10,Oct,2024,Autumn,False
2024-10-10,20.1,74.0,0.0,10.7,1004.6,10,Oct,2024,Autumn,False
2024-10-11,27.2,63.9,10.0,9.1,1013.1,10,Oct,2024,Autumn,False
2024-10-12,22.5,67.4,34.6,11.3,1011.1,10,Oct,2024,Autumn,False
2024-10-13,19.8,69.4,0.0,15.3,1020.8,10,Oct,2024,Autumn,False
2024-10-14,20.2,60.2,0.0,6.7,1013.7,10,Oct,2024,Autumn,False
2024-10-15,20.5,76.1,35.1,8.7,1010.0,10,Oct,2024,Autumn,False
2024-10-16,22.6,64.9,0.0,8.4,1009.3,10,Oct,2024,Autumn,False
2024-10-17,22.8,67.6,41.5,10.4,1025.3,10,Oct,2024,Autumn,False
2024-10-18,19.4,60.9,0.0,10.3,1015.3,10,Oct,2024,Autumn,False
2024-10-19,20.9,46.9,0.0,13.1,1011.6,10,Oct,2024,Autumn,False
2024-10-20,27.3,68.4,0.0,10.9,1016.2,10,Oct,2024,Autumn,False
2024-10-21,26.0,92.0,0.0,11.7,1025.1,10,Oct,2024,Autumn,False
2024-10-22,22.0,77.5,0.0,12.0,1013.8,10,Oct,2024,Autumn,False
2024-10-23,20.7,70.4,0.0,11.6,1019.2,10,Oct,2024,Autumn,False
2024-10-24,20.8,68.4,0.0,13.0,1021.8,10,Oct,2024,Autumn,False
2024-10-25,22.2,71.1,0.0,10.5,1006.5,10,Oct,2024,Autumn,False
2024-10-26,17.1,75.9,0.0,15.8,1012.8,10,Oct,2024,Autumn,False
2024-10-27,19.3,60.5,15.0,18.5,1021.4,10,Oct,2024,Autumn,False
2024-10-28,15.0,81.3,32.8,13.1,1012.6,10,Oct,2024,Autumn,False
2024-10-29,21.1,77.8,0.0,11.6,1018.3,10,Oct,2024,Autumn,False
2024-10-30,21.7,78.0,0.0,12.9,1012.5,10,Oct,2024,Autumn,False
2024-10-31,18.2,75.6,0.0,7.7,1014.1,10,Oct,2024,Autumn,False
2024-11-01,24.3,72.0,8.3,11.6,1013.6,11,Nov,2024,Autumn,False
2024-11-02,15.8,78.0,0.0,8.8,1019.6,11,Nov,2024,Autumn,False
2024-11-03,15.0,77.4,0.0,12.6,1017.5,11,Nov,2024,Autumn,False
2024-11-04,19.9,69.0,0.0,8.9,1017.1,11,Nov,2024,Autumn,False
2024-11-05,22.3,67.1,0.0,10.1,1029.2,11,Nov,2024,Autumn,False
2024-11-06,24.1,73.3,0.0,5.5,1025.4,11,Nov,2024,Autumn,False
2024-11-07,17.6,86.4,4.3,7.6,1006.8,11,Nov,2024,Autumn,False
2024-11-08,22.1,61.5,0.0,12.2,1014.6,11,Nov,2024,Autumn,False
2024-11-09,18.7,59.5,21.1,8.6,1029.0,11,Nov,2024,Autumn,False
2024-11-10,18.2,74.3,0.0,14.4,1014.0,11,Nov,2024,Autumn,False
2024-11-11,21.3,73.4,0.0,8.3,1027.4,11,Nov,2024,Autumn,False
2024-11-12,20.5,74.6,0.0,12.6,1014.9,11,Nov,2024,Autumn,False
2024-11-13,13.8,75.3,12.5,8.9,1015.9,11,Nov,2024,Autumn,False
2024-11-14,22.8,71.2,0.0,12.4,1021.4,11,Nov,2024,Autumn,False
2024-11-15,22.5,86.8,0.0,6.6,1016.7,11,Nov,2024,Autumn,False
2024-11-16,16.4,59.0,6.4,9.9,1019.7,11,Nov,2024,Autumn,False
2024-11-17,19.4,66.1,0.0,8.7,1025.1,11,Nov,2024,Autumn,False
2024-11-18,19.6,72.7,0.0,13.9,1021.1,11,Nov,2024,Autumn,False
2024-11-19,18.8,58.9,0.0,12.7,1018.1,11,Nov,2024,Autumn,False
2024-11-20,16.3,72.2,0.0,7.6,1025.8,11,Nov,2024,Autumn,False
2024-11-21,15.9,88.8,26.9,10.7,1021.8,11,Nov,2024,Autumn,False
2024-11-22,17.8,74.1,0.0,9.0,1013.8,11,Nov,2024,Autumn,False
2024-11-23,21.3,76.1,40.9,14.2,1027.4,11,Nov,2024,Autumn,False
2024-11-24,19.4,62.8,0.0,15.2,1020.8,11,Nov,2024,Autumn,False
2024-11-25,16.6,68.6,0.0,7.0,1016.5,11,Nov,2024,Autumn,False
2024-11-26,19.9,70.9,0.0,13.9,1007.5,11,Nov,2024,Autumn,False
2024-11-27,9.0,71.4,22.0,8.9,1010.8,11,Nov,2024,Autumn,True
2024-11-28,21.0,85.9,0.0,10.6,1026.2,11,Nov,2024,Autumn,False
2024-11-29,12.2,79.4,0.0,11.5,1026.4,11,Nov,2024,Autumn,True
2024-11-30,16.3,64.5,0.0,16.9,1018.2,11,Nov,2024,Autumn,False
2024-12-01,14.0,76.7,0.0,8.4,1008.9,12,Dec,2024,Winter,False
2024-12-02,13.5,79.1,0.0,13.9,1012.4,12,Dec,2024,Winter,True
2024-12-03,20.8,84.9,0.0,7.9,1009.7,12,Dec,2024,Winter,False
2024-12-04,15.9,88.9,0.0,7.7,1009.5,12,Dec,2024,Winter,False
2024-12-05,18.3,65.6,13.4,11.5,1028.0,12,Dec,2024,Winter,False
2024-12-06,17.1,67.5,40.1,11.5,1028.2,12,Dec,2024,Winter,False
2024-12-07,18.6,63.5,24.5,3.0,1012.3,12,Dec,2024,Winter,False
2024-12-08,17.4,72.7,0.0,15.0,1017.9,12,Dec,2024,Winter,False
2024-12-09,13.3,79.1,0.0,5.1,1011.5,12,Dec,2024,Winter,True
2024-12-10,20.1,83.8,0.0,11.0,1017.9,12,Dec,2024,Winter,False
2024-12-11,15.6,74.2,14.3,15.5,1026.1,12,Dec,2024,Winter,False
2024-12-12,12.4,72.1,0.0,18.1,1023.4,12,Dec,2024,Winter,True
2024-12-13,15.8,76.3,56.2,10.4,1022.0,12,Dec,2024,Winter,False
2024-12-14,21.5,67.4,5.1,7.2,1017.0,12,Dec,2024,Winter,False
2024-12-15,19.6,93.8,0.0,15.4,1024.3,12,Dec,2024,Winter,False
2024-12-16,16.0,60.5,15.1,14.1,1021.2,12,Dec,2024,Winter,False
2024-12-17,16.0,76.7,0.0,10.0,1020.0,12,Dec,2024,Winter,False
2024-12-18,16.0,93.2,21.6,9.7,1017.4,12,Dec,2024,Winter,False
2024-12-19,23.2,75.1,0.0,9.3,1019.6,12,Dec,2024,Winter,False
2024-12-20,18.1,73.3,0.0,10.5,1019.4,12,Dec,2024,Winter,False
2024-12-21,18.3,71.8,53.8,12.4,1015.3,12,Dec,2024,Winter,False
2024-12-22,20.1,73.4,0.0,9.8,1014.1,12,Dec,2024,Winter,False
2024-12-23,17.7,87.3,0.0,10.2,1013.0,12,Dec,2024,Winter,False
2024-12-24,16.3,55.1,0.0,13.4,1013.3,12,Dec,2024,Winter,False
2024-12-25,16.5,88.7,25.9,7.0,1017.0,12,Dec,2024,Winter,False
2024-12-26,16.8,62.1,0.0,10.4,1016.2,12,Dec,2024,Winter,False
2024-12-27,17.0,72.5,0.0,6.5,1014.8,12,Dec,2024,Winter,False
2024-12-28,19.3,71.0,0.0,11.8,1014.5,12,Dec,2024,Winter,False
2024-12-29,17.3,80.1,0.0,5.7,1019.4,12,Dec,2024,Winter,False
2024-12-30,19.3,60.4,0.0,14.1,1024.8,12,Dec,2024,Winter,False
2024-12-31,16.9,78.9,0.0,7.5,1017.8,12,Dec,2024,Winter,False
