Student_ID,Gender,Age,Attendance,Study_Hours,Math_Score,Science_Score,English_Score,Final_Score,Result
STU0001,Female,15,76.7,2.7,77.0,61.9,84.0,74.0,Pass
STU0002,Male,18,74.1,2.5,70.3,74.9,67.1,70.9,Pass
STU0003,Female,18,80.9,3.5,80.3,85.3,70.2,78.9,Pass
STU0004,Female,16,71.6,5.3,92.8,76.5,77.2,82.5,Pass
STU0005,Female,17,76.5,4.3,72.4,55.2,88.5,71.4,Pass
STU0006,Male,17,70.0,2.9,81.9,73.6,73.6,76.6,Pass
STU0007,Female,17,100.0,4.7,100.0,91.8,81.2,91.6,Pass
STU0008,Female,18,82.4,0.5,67.2,71.3,72.6,70.2,Pass
STU0009,Female,18,75.0,5.2,66.4,92.4,70.2,76.4,Pass
STU0010,Male,18,84.1,0.9,65.5,60.0,76.0,66.8,Pass
STU0011,Female,15,80.9,3.0,87.3,81.7,78.8,82.9,Pass
STU0012,Female,16,79.8,1.8,72.1,82.1,68.6,74.4,Pass
STU0013,Female,18,88.1,1.6,66.4,57.3,65.6,63.0,Pass
STU0014,Female,16,89.6,5.2,84.9,89.2,76.6,83.9,Pass
STU0015,Male,16,76.7,2.8,81.5,69.1,78.2,76.3,Pass
STU0016,Female,17,76.2,4.0,83.6,76.9,88.0,82.6,Pass
STU0017,Male,15,79.2,3.4,76.2,79.7,70.3,75.7,Pass
STU0018,Male,18,59.0,4.2,70.5,68.0,76.5,71.4,Pass
STU0019,Male,17,66.8,3.6,71.0,66.9,54.1,64.6,Pass
STU0020,Female,17,95.7,1.6,70.0,76.2,70.2,72.1,Pass
STU0021,Male,18,98.4,5.0,100.0,78.7,86.2,88.6,Pass
STU0022,Female,16,79.5,2.8,73.1,64.6,65.9,68.1,Pass
STU0023,Male,17,87.8,1.2,82.5,77.9,63.4,75.2,Pass
STU0024,Male,16,85.1,2.9,90.4,66.3,70.1,76.1,Pass
STU0025,Male,15,100.0,5.8,100.0,97.6,91.9,96.7,Pass
STU0026,Male,16,93.2,4.8,85.1,90.1,82.6,86.0,Pass
STU0027,Male,15,80.7,3.0,80.2,60.0,55.0,65.8,Pass
STU0028,Male,16,72.4,3.0,73.6,66.7,53.6,65.2,Pass
STU0029,Male,17,65.9,3.0,64.3,81.4,65.4,70.4,Pass
STU0030,Male,17,84.0,6.6,94.7,80.2,91.2,88.7,Pass
STU0031,Female,15,74.4,4.1,69.3,73.0,51.8,65.3,Pass
STU0032,Female,18,67.8,4.1,86.0,79.3,70.3,79.0,Pass
STU0033,Male,15,75.5,5.0,79.2,87.9,75.1,80.9,Pass
STU0034,Male,15,71.2,3.9,78.3,73.1,87.4,79.3,Pass
STU0035,Male,16,98.9,3.1,86.7,76.8,77.5,80.6,Pass
STU0036,Female,16,90.8,3.2,79.6,92.6,82.3,84.8,Pass
STU0037,Male,15,81.9,3.4,83.7,93.0,78.0,85.2,Pass
STU0038,Female,17,96.8,3.4,81.1,91.4,62.2,78.9,Pass
STU0039,Female,16,82.8,4.6,90.9,82.5,87.5,87.0,Pass
STU0040,Female,18,73.4,3.6,65.7,67.8,76.7,69.7,Pass
STU0041,Female,16,97.2,4.6,90.4,79.2,89.5,86.4,Pass
STU0042,Female,16,87.4,3.4,96.6,83.9,100.0,93.3,Pass
STU0043,Male,18,71.6,3.6,68.0,78.4,55.6,67.8,Pass
STU0044,Male,15,80.1,0.5,61.9,79.6,83.1,74.3,Pass
STU0045,Male,18,73.2,4.9,85.5,85.3,76.0,82.6,Pass
STU0046,Male,15,68.2,4.0,77.6,61.3,77.1,71.9,Pass
STU0047,Male,15,91.3,5.0,91.5,95.5,84.0,90.6,Pass
STU0048,Female,15,100.0,0.5,78.8,64.7,69.7,71.3,Pass
STU0049,Male,18,68.0,6.6,91.1,80.2,77.2,83.2,Pass
STU0050,Male,15,87.6,3.3,89.7,81.2,81.1,84.2,Pass
STU0051,Female,17,75.5,5.2,86.6,99.2,66.5,84.8,Pass
STU0052,Male,18,77.1,1.9,69.8,98.8,77.7,82.0,Pass
STU0053,Female,17,76.1,4.4,86.1,84.4,74.3,82.0,Pass
STU0054,Male,15,73.4,1.9,85.4,67.8,59.6,71.7,Pass
STU0055,Female,16,82.5,2.6,75.0,79.6,70.4,75.2,Pass
STU0056,Male,15,73.7,6.4,79.4,92.7,94.5,88.5,Pass
STU0057,Male,17,84.7,3.2,88.3,74.8,72.2,78.9,Pass
STU0058,Female,17,81.5,3.8,79.5,94.9,81.2,85.2,Pass
STU0059,Female,18,79.6,4.8,66.1,83.5,73.7,74.3,Pass
STU0060,Female,16,72.9,4.2,85.6,81.7,83.4,83.6,Pass
STU0061,Female,18,76.2,3.7,73.8,82.6,82.2,79.3,Pass
STU0062,Female,17,89.6,4.0,83.7,86.0,97.6,88.7,Pass
STU0063,Female,15,87.0,7.1,97.7,99.3,87.8,95.3,Pass
STU0064,Female,16,72.2,3.4,76.9,68.6,79.9,75.0,Pass
STU0065,Female,15,83.0,3.8,86.7,74.1,79.2,80.2,Pass
STU0066,Male,15,89.5,5.1,84.8,75.8,95.7,85.0,Pass
STU0067,Male,16,65.3,5.2,83.5,81.7,70.6,79.0,Pass
STU0068,Female,18,87.4,5.3,86.2,92.7,90.8,89.8,Pass
STU0069,Male,15,75.4,4.5,86.5,82.9,76.2,82.2,Pass
STU0070,Male,17,87.7,1.8,80.0,89.0,73.1,81.0,Pass
STU0071,Male,15,74.4,6.0,78.4,83.5,83.0,81.5,Pass
STU0072,Male,16,64.0,1.8,74.8,71.8,68.8,72.0,Pass
STU0073,Female,16,65.7,4.0,70.7,64.0,72.5,69.0,Pass
STU0074,Male,16,82.5,2.4,81.8,70.6,75.8,76.2,Pass
STU0075,Female,18,84.6,3.4,83.0,84.6,91.8,86.2,Pass
STU0076,Male,15,73.0,4.0,92.6,84.0,84.7,87.3,Pass
STU0077,Male,18,88.4,4.0,81.9,78.9,88.3,82.8,Pass
STU0078,Male,18,65.4,4.1,72.8,73.6,69.9,72.2,Pass
STU0079,Female,16,81.3,5.9,88.3,72.1,76.2,79.1,Pass
STU0080,Male,16,69.9,4.2,75.0,72.8,84.1,77.0,Pass
STU0081,Female,18,75.5,3.1,82.0,82.3,81.9,82.1,Pass
STU0082,Male,15,82.5,4.9,72.2,88.0,94.8,84.4,Pass
STU0083,Female,17,73.4,5.3,74.5,85.4,74.4,78.2,Pass
STU0084,Male,18,78.2,1.7,62.5,70.7,68.4,67.0,Pass
STU0085,Female,15,92.1,4.4,94.3,84.3,68.1,83.0,Pass
STU0086,Female,16,76.2,4.6,94.9,73.5,75.0,81.7,Pass
STU0087,Male,16,90.4,3.1,80.1,85.4,87.2,84.0,Pass
STU0088,Female,15,70.7,5.6,81.7,84.7,75.7,80.9,Pass
STU0089,Male,17,87.3,3.3,81.2,83.2,83.8,82.7,Pass
STU0090,Male,16,96.4,3.7,94.9,78.6,80.3,85.0,Pass
STU0091,Male,16,57.3,3.2,61.7,49.1,71.8,60.4,Pass
STU0092,Male,16,74.0,3.5,78.4,85.0,64.5,76.5,Pass
STU0093,Male,15,87.8,1.9,83.2,69.8,74.7,76.1,Pass
STU0094,Male,18,80.0,1.3,74.5,62.0,43.1,60.8,Pass
STU0095,Male,16,85.7,5.9,91.5,93.4,83.7,89.8,Pass
STU0096,Male,18,76.0,2.2,80.3,67.9,56.8,69.0,Pass
STU0097,Male,17,82.9,2.0,52.5,82.6,83.8,72.1,Pass
STU0098,Male,16,80.4,0.5,72.9,72.6,74.6,73.3,Pass
STU0099,Male,16,93.7,2.5,75.0,84.6,81.9,80.4,Pass
STU0100,Female,17,84.5,1.5,58.2,59.6,85.6,66.9,Pass
STU0101,Female,16,85.4,6.0,94.2,98.2,77.0,90.4,Pass
STU0102,Male,18,77.9,5.0,94.6,83.9,96.1,91.4,Pass
STU0103,Male,15,77.1,2.5,72.6,69.3,80.9,74.0,Pass
STU0104,Male,18,77.7,6.9,98.3,89.1,83.8,90.8,Pass
STU0105,Male,15,85.9,5.0,99.5,68.1,92.9,86.8,Pass
STU0106,Male,15,77.8,3.0,86.5,78.4,64.4,77.1,Pass
STU0107,Male,18,84.9,0.5,82.3,59.3,61.5,68.2,Pass
STU0108,Male,18,100.0,6.9,100.0,83.4,87.3,90.6,Pass
STU0109,Male,18,90.7,1.4,75.5,60.0,68.7,68.2,Pass
STU0110,Female,18,78.7,1.0,56.0,78.3,59.2,64.6,Pass
STU0111,Male,17,94.0,5.0,87.9,81.4,96.3,88.2,Pass
STU0112,Female,16,77.9,7.2,85.1,100.0,84.5,90.0,Pass
STU0113,Male,15,61.6,5.6,97.0,73.1,80.4,83.9,Pass
STU0114,Male,18,71.9,4.3,77.4,61.9,71.5,70.4,Pass
STU0115,Female,18,63.3,4.4,76.7,64.4,57.8,66.9,Pass
STU0116,Male,18,78.5,4.8,87.4,92.1,82.3,87.5,Pass
STU0117,Female,17,82.2,4.6,84.2,80.3,63.4,76.6,Pass
STU0118,Male,18,98.8,3.9,100.0,80.0,82.8,88.0,Pass
STU0119,Male,18,85.3,3.7,76.3,80.9,66.2,74.8,Pass
STU0120,Female,18,79.8,3.4,79.8,81.2,94.0,84.6,Pass
STU0121,Male,16,90.3,2.4,72.4,86.8,84.4,80.9,Pass
STU0122,Female,17,59.9,3.1,58.9,81.9,70.2,70.1,Pass
STU0123,Male,18,84.4,1.0,65.8,66.7,81.6,70.8,Pass
STU0124,Female,15,89.7,3.4,81.5,68.0,71.4,73.9,Pass
STU0125,Female,15,67.2,2.0,64.8,64.0,73.1,67.0,Pass
STU0126,Male,15,93.4,1.8,72.0,78.4,77.4,75.8,Pass
STU0127,Male,17,85.4,3.8,70.5,71.2,81.3,74.0,Pass
STU0128,Female,17,77.8,5.6,85.2,74.9,93.6,84.2,Pass
STU0129,Male,15,88.3,4.9,75.1,87.7,89.7,83.8,Pass
STU0130,Male,18,100.0,1.1,83.4,75.5,78.0,79.1,Pass
STU0131,Male,17,83.8,2.0,75.2,73.6,58.3,69.6,Pass
STU0132,Female,15,84.5,4.9,74.1,76.6,73.4,74.8,Pass
STU0133,Female,15,77.4,2.0,69.6,69.1,70.2,69.6,Pass
STU0134,Female,18,73.5,3.2,68.9,65.4,74.4,69.4,Pass
STU0135,Female,16,90.3,4.3,88.3,91.4,71.9,84.4,Pass
STU0136,Female,17,73.4,2.0,81.4,79.2,91.9,83.8,Pass
STU0137,Female,18,82.7,3.7,65.3,61.9,91.4,72.0,Pass
STU0138,Female,15,77.2,1.5,71.0,61.0,75.1,68.8,Pass
STU0139,Female,15,86.8,2.6,76.6,62.9,76.5,71.9,Pass
STU0140,Female,18,85.3,4.0,87.9,74.7,77.6,80.3,Pass
STU0141,Male,17,92.4,1.1,76.0,72.4,64.5,71.3,Pass
STU0142,Female,16,76.9,4.2,74.0,65.2,78.2,72.3,Pass
STU0143,Male,16,79.3,3.5,75.8,68.5,78.5,74.1,Pass
STU0144,Male,15,72.2,4.3,72.5,68.2,65.5,68.9,Pass
STU0145,Male,17,77.6,3.8,87.7,79.3,79.8,82.4,Pass
STU0146,Female,16,85.8,5.5,88.8,86.6,83.0,86.3,Pass
STU0147,Female,17,89.6,3.7,98.3,74.5,62.8,79.5,Pass
STU0148,Female,17,72.8,2.9,73.0,74.0,64.7,70.9,Pass
STU0149,Female,15,90.7,3.7,77.8,76.4,76.5,77.0,Pass
STU0150,Male,16,95.6,4.3,75.6,82.7,100.0,85.3,Pass
STU0151,Female,18,86.1,3.6,66.9,94.5,83.6,81.3,Pass
STU0152,Female,15,100.0,3.6,73.9,96.2,70.7,80.5,Pass
STU0153,Female,16,74.3,2.4,74.7,59.9,76.0,70.0,Pass
STU0154,Female,16,69.6,2.5,75.0,77.6,56.5,70.3,Pass
STU0155,Female,16,64.2,1.4,52.1,71.9,75.2,65.7,Pass
STU0156,Male,16,97.0,6.1,100.0,81.5,85.2,89.3,Pass
STU0157,Female,16,88.5,1.6,71.0,81.0,72.6,74.9,Pass
STU0158,Male,17,81.4,2.5,76.5,87.9,85.7,83.1,Pass
STU0159,Female,15,84.8,2.4,89.3,65.0,63.1,73.2,Pass
STU0160,Male,17,70.7,4.8,87.5,70.3,65.2,74.9,Pass
STU0161,Female,18,100.0,3.1,82.5,91.6,75.9,83.6,Pass
STU0162,Female,16,83.3,5.4,79.9,87.0,92.4,86.1,Pass
STU0163,Male,15,83.1,2.5,58.8,79.7,60.7,66.5,Pass
STU0164,Male,16,89.3,3.9,78.1,84.7,55.0,73.4,Pass
STU0165,Male,15,86.8,2.2,74.8,78.7,70.7,74.9,Pass
STU0166,Female,17,84.2,6.7,84.6,77.5,92.4,84.6,Pass
STU0167,Male,15,74.1,1.7,68.6,78.5,80.2,75.4,Pass
STU0168,Female,18,86.7,4.0,83.6,91.5,75.7,83.9,Pass
STU0169,Female,18,100.0,4.5,88.1,85.1,81.6,85.1,Pass
STU0170,Male,15,95.5,4.1,81.7,84.1,93.4,86.0,Pass
STU0171,Male,15,97.9,3.2,85.8,68.5,64.2,73.4,Pass
STU0172,Female,15,76.9,3.3,80.3,80.0,71.5,77.6,Pass
STU0173,Female,15,72.1,3.6,67.2,79.8,76.0,74.1,Pass
STU0174,Male,18,80.7,3.3,89.4,76.0,80.1,82.1,Pass
STU0175,Male,16,82.6,4.9,84.4,93.0,77.0,85.1,Pass
STU0176,Male,15,92.9,6.8,96.4,89.8,90.6,92.4,Pass
STU0177,Female,15,65.1,2.7,75.5,74.3,47.1,66.6,Pass
STU0178,Female,18,97.3,1.4,79.3,66.8,69.6,72.2,Pass
STU0179,Female,18,80.4,3.4,86.0,76.6,80.3,81.1,Pass
STU0180,Female,17,77.7,7.4,94.8,87.9,78.6,87.6,Pass
STU0181,Female,15,71.9,2.3,66.1,72.3,71.0,69.7,Pass
STU0182,Female,17,65.5,6.0,85.4,77.2,83.5,82.1,Pass
STU0183,Male,18,90.2,6.0,83.0,88.0,84.0,85.0,Pass
STU0184,Female,18,82.7,2.7,77.5,82.6,76.4,78.9,Pass
STU0185,Female,16,69.1,4.4,77.5,72.4,67.1,72.7,Pass
STU0186,Female,15,69.0,5.9,82.2,67.2,78.7,76.0,Pass
STU0187,Male,17,78.6,2.9,75.0,90.5,79.9,81.7,Pass
STU0188,Female,18,98.7,3.2,69.6,94.8,82.6,82.1,Pass
STU0189,Female,18,79.4,2.6,70.8,62.3,68.4,67.2,Pass
STU0190,Male,17,67.0,2.0,68.7,73.7,70.0,70.8,Pass
STU0191,Female,16,79.5,2.5,76.1,69.1,79.9,74.9,Pass
STU0192,Female,18,79.3,1.7,63.2,73.0,52.3,63.3,Pass
STU0193,Female,15,55.0,3.6,79.5,71.4,79.6,76.8,Pass
STU0194,Female,18,81.5,2.3,67.9,71.6,70.4,69.9,Pass
STU0195,Female,15,79.7,3.9,87.7,71.1,81.3,80.1,Pass
STU0196,Male,17,89.0,1.2,76.7,66.0,83.0,74.9,Pass
STU0197,Male,15,100.0,4.0,83.0,77.3,71.6,77.7,Pass
STU0198,Male,17,93.3,4.8,100.0,78.4,77.8,86.0,Pass
STU0199,Female,15,79.3,0.5,57.5,66.1,64.7,62.6,Pass
STU0200,Female,17,70.9,4.1,84.7,69.5,68.4,74.7,Pass
STU0201,Female,15,100.0,5.3,100.0,96.3,100.0,98.7,Pass
STU0202,Male,16,82.6,1.7,67.4,85.2,64.1,72.5,Pass
STU0203,Female,15,82.1,6.0,100.0,81.1,79.7,87.5,Pass
STU0204,Female,15,81.8,4.1,79.8,82.0,80.8,80.8,Pass
STU0205,Male,16,84.0,2.4,78.5,79.4,63.7,74.4,Pass
STU0206,Female,18,80.6,3.4,80.7,81.3,72.9,78.5,Pass
STU0207,Male,18,76.3,4.3,79.4,79.4,80.7,79.8,Pass
STU0208,Male,15,76.5,3.6,84.3,83.0,72.8,80.4,Pass
STU0209,Male,16,81.7,4.3,88.8,84.8,78.6,84.3,Pass
STU0210,Female,15,76.6,2.1,58.2,60.1,66.6,61.3,Pass
STU0211,Female,17,74.9,3.8,88.2,84.0,62.1,78.9,Pass
STU0212,Female,17,83.1,1.4,58.5,78.9,74.0,70.1,Pass
STU0213,Female,15,79.5,3.3,86.1,69.5,91.6,82.1,Pass
STU0214,Female,18,97.0,2.1,89.0,78.6,77.7,82.1,Pass
STU0215,Female,18,55.5,2.4,56.5,71.2,67.9,64.9,Pass
STU0216,Female,15,92.9,5.4,87.4,85.9,92.2,88.3,Pass
STU0217,Male,15,94.5,5.1,81.6,97.2,74.3,84.7,Pass
STU0218,Female,17,61.3,4.4,73.3,95.1,88.9,85.4,Pass
STU0219,Male,18,78.6,1.9,69.5,64.0,73.0,68.7,Pass
STU0220,Female,15,78.3,3.0,82.5,62.5,89.2,77.7,Pass
STU0221,Female,17,67.9,5.3,91.5,81.9,71.7,82.3,Pass
STU0222,Female,18,74.2,3.7,88.5,82.4,91.8,87.4,Pass
STU0223,Male,16,70.9,7.0,84.0,83.8,91.2,86.1,Pass
STU0224,Male,17,99.5,4.1,86.7,98.8,89.1,91.5,Pass
STU0225,Male,18,91.4,3.8,70.6,69.9,82.9,74.1,Pass
STU0226,Male,18,94.7,3.0,76.1,86.8,77.3,80.1,Pass
STU0227,Female,17,89.2,3.7,90.7,75.5,90.7,85.5,Pass
STU0228,Male,16,70.7,3.3,87.2,88.6,74.3,83.8,Pass
STU0229,Female,17,76.8,4.6,71.6,97.5,61.0,77.3,Pass
STU0230,Female,18,86.9,4.9,82.0,77.4,72.8,77.7,Pass
STU0231,Male,15,69.8,2.3,70.1,64.7,68.2,67.7,Pass
STU0232,Male,15,89.1,1.5,76.8,81.2,76.0,78.1,Pass
STU0233,Male,17,79.6,0.7,61.6,64.1,67.6,64.3,Pass
STU0234,Male,18,78.3,4.3,84.3,78.7,89.2,83.9,Pass
STU0235,Male,15,89.1,1.8,72.1,74.8,56.7,68.4,Pass
STU0236,Male,18,86.4,0.5,69.6,51.8,70.7,63.9,Pass
STU0237,Male,17,78.4,4.1,84.7,78.4,61.4,75.6,Pass
STU0238,Male,15,93.6,7.2,98.1,88.2,98.6,94.9,Pass
STU0239,Female,18,71.2,3.5,71.8,69.6,73.0,71.4,Pass
STU0240,Male,15,88.2,4.8,85.7,97.1,86.5,89.8,Pass
STU0241,Male,17,87.9,3.6,81.5,68.9,71.5,74.2,Pass
STU0242,Female,18,78.9,3.4,74.8,83.5,87.2,81.5,Pass
STU0243,Male,15,85.3,4.9,83.9,81.1,91.6,85.2,Pass
STU0244,Female,17,69.5,3.1,85.8,69.5,77.3,77.7,Pass
STU0245,Female,15,91.2,3.9,89.0,89.4,79.9,86.4,Pass
STU0246,Male,15,80.2,4.0,78.2,81.9,83.2,81.0,Pass
STU0247,Female,16,76.8,2.5,79.2,77.7,66.2,74.8,Pass
STU0248,Female,16,92.5,5.0,86.4,95.1,92.4,91.2,Pass
STU0249,Female,17,75.0,3.2,85.2,71.5,89.0,81.7,Pass
STU0250,Female,16,67.9,2.4,72.8,63.6,79.1,71.6,Pass
STU0251,Male,17,66.4,4.3,75.7,65.5,68.3,70.0,Pass
STU0252,Female,16,88.1,2.2,80.2,67.8,78.1,75.4,Pass
STU0253,Male,15,69.2,3.5,62.2,100.0,61.7,74.9,Pass
STU0254,Female,17,99.5,3.5,77.1,94.9,87.5,86.3,Pass
STU0255,Female,17,61.2,5.1,68.2,64.1,79.8,70.3,Pass
STU0256,Female,15,99.0,4.2,89.8,74.1,67.5,77.7,Pass
STU0257,Female,17,84.1,3.5,94.0,82.7,67.2,82.1,Pass
STU0258,Male,17,81.0,4.7,100.0,86.5,77.9,88.8,Pass
STU0259,Male,16,76.6,5.6,90.4,88.0,79.0,86.2,Pass
STU0260,Female,17,86.0,4.3,88.2,79.7,69.9,79.8,Pass
STU0261,Female,18,81.6,3.5,65.0,76.6,80.5,73.6,Pass
STU0262,Male,15,93.0,1.5,71.8,77.8,76.8,75.3,Pass
STU0263,Female,16,83.1,1.9,67.5,73.5,70.9,70.6,Pass
STU0264,Female,16,83.5,3.0,73.3,56.8,69.4,66.5,Pass
STU0265,Female,18,78.4,2.6,73.3,71.4,82.7,75.4,Pass
STU0266,Male,15,81.4,3.2,74.4,69.0,91.0,77.5,Pass
STU0267,Male,15,85.1,3.6,65.1,80.7,73.9,73.1,Pass
STU0268,Male,16,64.9,4.3,82.0,100.0,68.8,84.2,Pass
STU0269,Female,17,68.5,3.4,65.4,76.1,77.2,72.6,Pass
STU0270,Female,16,89.4,4.2,87.0,80.0,78.3,82.0,Pass
STU0271,Male,15,83.7,3.6,97.1,87.0,76.6,87.5,Pass
STU0272,Male,18,80.2,0.5,60.1,71.4,74.3,68.2,Pass
STU0273,Male,16,82.2,2.1,53.9,76.8,55.7,62.3,Pass
STU0274,Male,15,85.5,3.3,77.7,83.7,89.4,83.2,Pass
STU0275,Female,16,76.6,1.7,79.3,88.3,70.7,79.8,Pass
STU0276,Male,17,74.2,4.4,95.6,68.0,73.8,79.7,Pass
STU0277,Female,16,84.0,5.8,79.1,90.5,83.8,84.4,Pass
STU0278,Male,16,72.2,5.3,86.7,72.3,79.3,79.6,Pass
STU0279,Female,15,86.1,3.2,76.1,83.1,61.8,74.2,Pass
STU0280,Male,15,65.0,5.7,80.6,71.3,92.2,80.9,Pass
STU0281,Male,15,92.3,3.7,100.0,78.3,81.2,87.0,Pass
STU0282,Male,16,86.7,3.0,67.3,75.0,81.0,74.0,Pass
STU0283,Male,17,84.6,2.6,79.0,84.3,83.7,82.2,Pass
STU0284,Female,18,91.8,3.0,85.2,87.8,69.5,81.4,Pass
STU0285,Male,18,98.7,2.9,92.3,70.3,84.6,82.5,Pass
STU0286,Female,15,92.1,3.8,85.1,82.6,78.5,82.3,Pass
STU0287,Female,15,63.6,3.7,75.8,66.0,79.9,73.7,Pass
STU0288,Female,16,69.2,3.5,71.5,62.1,54.1,63.1,Pass
STU0289,Female,18,75.8,4.2,81.7,75.9,76.3,78.1,Pass
STU0290,Male,15,82.3,5.3,83.6,81.2,77.1,80.8,Pass
STU0291,Female,17,87.2,4.9,91.8,100.0,86.8,93.1,Pass
STU0292,Female,17,74.7,1.3,65.3,71.6,72.5,69.6,Pass
STU0293,Female,15,83.9,0.5,71.8,55.8,62.3,63.5,Pass
STU0294,Male,15,74.4,4.9,81.7,74.9,72.6,76.7,Pass
STU0295,Male,18,75.9,1.4,78.4,77.9,68.1,75.1,Pass
STU0296,Male,18,67.9,3.2,72.4,90.6,63.8,76.0,Pass
STU0297,Male,16,72.8,1.7,55.1,54.4,76.6,61.3,Pass
STU0298,Female,18,68.5,0.8,74.1,47.1,61.6,61.2,Pass
STU0299,Female,17,72.2,4.3,71.6,94.1,50.4,72.9,Pass
STU0300,Male,17,92.5,4.6,82.6,88.7,80.3,84.0,Pass
STU0301,Female,15,72.5,2.6,67.8,63.8,62.3,64.8,Pass
STU0302,Female,18,100.0,0.5,85.9,78.5,58.8,75.3,Pass
STU0303,Female,16,86.9,2.7,61.1,52.9,65.0,59.5,Pass
STU0304,Male,17,83.8,4.1,100.0,80.4,80.4,87.5,Pass
STU0305,Male,17,73.4,1.3,76.2,70.3,79.8,75.3,Pass
STU0306,Female,16,89.0,3.8,85.0,89.4,82.8,85.8,Pass
STU0307,Male,16,76.2,3.5,76.7,66.6,69.8,71.2,Pass
STU0308,Male,17,83.2,4.4,85.5,81.9,84.2,83.9,Pass
STU0309,Male,17,100.0,3.7,91.2,76.2,78.9,82.4,Pass
STU0310,Male,16,81.0,2.0,78.7,74.8,66.2,73.6,Pass
STU0311,Male,17,93.5,5.3,95.1,79.7,75.5,84.0,Pass
STU0312,Female,15,75.0,3.3,76.6,70.9,58.5,69.2,Pass
STU0313,Male,15,81.7,3.5,77.6,68.6,73.4,73.3,Pass
STU0314,Female,16,99.7,2.1,79.7,84.9,79.6,81.4,Pass
STU0315,Female,18,75.7,2.8,73.0,81.1,72.4,75.6,Pass
STU0316,Male,16,100.0,2.2,90.3,77.3,74.8,81.2,Pass
STU0317,Female,16,89.1,3.2,85.9,79.6,69.9,79.0,Pass
STU0318,Female,18,76.4,6.1,63.6,71.6,88.6,73.8,Pass
STU0319,Female,18,88.3,1.4,79.3,70.2,61.0,70.7,Pass
STU0320,Male,18,91.7,1.1,75.5,72.4,79.7,75.7,Pass
STU0321,Male,15,88.2,5.7,90.1,100.0,76.6,89.4,Pass
STU0322,Female,17,66.3,3.2,69.2,61.4,64.7,65.2,Pass
STU0323,Male,15,74.7,2.5,81.9,85.1,58.7,76.0,Pass
STU0324,Male,17,79.5,5.1,92.0,91.2,76.5,87.1,Pass
STU0325,Male,15,81.3,2.6,69.5,77.0,82.9,76.1,Pass
STU0326,Male,17,88.2,6.2,95.5,100.0,91.8,95.9,Pass
STU0327,Female,15,83.8,4.5,76.2,85.2,89.5,83.3,Pass
STU0328,Female,18,68.6,2.8,60.6,74.3,75.6,69.7,Pass
STU0329,Male,16,85.8,6.7,88.2,89.6,78.0,85.6,Pass
STU0330,Male,15,88.1,2.6,85.2,87.8,73.2,82.5,Pass
STU0331,Female,17,87.6,4.6,93.4,93.3,75.1,87.9,Pass
STU0332,Female,18,92.8,3.9,89.4,77.3,93.7,86.6,Pass
STU0333,Male,15,90.3,5.5,95.8,75.4,74.7,82.5,Pass
STU0334,Female,15,86.6,5.8,94.2,85.5,93.5,91.1,Pass
STU0335,Male,18,81.3,3.5,74.2,70.5,85.1,76.2,Pass
STU0336,Male,15,65.4,2.4,72.3,67.7,85.2,74.6,Pass
STU0337,Female,16,86.3,4.2,90.1,92.7,76.8,87.0,Pass
STU0338,Female,15,84.1,2.5,82.4,70.9,81.1,78.1,Pass
STU0339,Male,16,84.7,6.5,100.0,88.6,100.0,96.1,Pass
STU0340,Male,16,69.2,3.7,81.1,74.7,68.3,75.1,Pass
STU0341,Female,18,71.2,3.0,76.1,79.9,58.4,72.1,Pass
STU0342,Male,15,92.5,3.8,93.1,62.1,64.2,73.9,Pass
STU0343,Female,18,81.6,1.5,71.4,65.3,77.3,71.1,Pass
STU0344,Male,15,88.8,2.0,69.5,77.0,57.8,68.5,Pass
STU0345,Female,15,82.3,5.3,85.1,94.8,79.2,86.6,Pass
STU0346,Female,17,82.3,2.5,69.9,70.1,78.2,72.4,Pass
STU0347,Female,15,91.4,1.9,71.7,58.7,76.9,68.8,Pass
STU0348,Male,18,76.8,4.3,79.4,84.3,81.8,81.8,Pass
STU0349,Male,16,83.0,5.3,80.2,78.4,84.7,81.0,Pass
STU0350,Female,15,77.4,4.6,79.3,69.2,90.5,79.2,Pass
STU0351,Male,17,77.7,5.0,68.3,75.8,71.7,71.9,Pass
STU0352,Female,18,78.9,2.4,75.7,71.2,66.7,71.5,Pass
STU0353,Female,15,84.2,1.4,72.2,65.8,64.4,67.7,Pass
STU0354,Male,18,77.2,5.8,79.7,64.0,89.9,77.4,Pass
STU0355,Male,17,94.6,3.0,87.7,88.5,87.5,87.9,Pass
STU0356,Female,17,73.1,3.1,82.1,84.9,77.3,81.6,Pass
STU0357,Male,18,80.1,5.5,73.5,89.8,93.2,84.9,Pass
STU0358,Male,15,77.6,4.3,74.9,68.9,67.7,70.7,Pass
STU0359,Female,16,96.5,4.2,81.4,83.2,98.5,87.1,Pass
STU0360,Female,17,84.0,6.7,85.0,89.4,100.0,91.0,Pass
STU0361,Male,15,92.3,2.5,86.3,83.4,83.9,84.6,Pass
STU0362,Female,15,67.1,4.9,77.6,83.5,92.9,84.2,Pass
STU0363,Female,16,84.7,3.6,78.7,72.4,63.2,71.9,Pass
STU0364,Male,17,90.9,3.9,68.3,82.9,76.3,75.7,Pass
STU0365,Female,17,82.8,5.8,93.6,90.0,77.6,87.6,Pass
STU0366,Female,15,92.7,4.3,76.5,97.1,89.1,87.3,Pass
STU0367,Male,15,76.8,4.3,81.0,85.1,68.5,78.7,Pass
STU0368,Male,16,96.1,5.1,93.1,95.1,93.0,93.8,Pass
STU0369,Female,16,100.0,3.0,95.1,82.8,93.2,90.3,Pass
STU0370,Female,17,78.4,2.2,62.8,85.0,78.5,75.1,Pass
STU0371,Male,18,77.5,1.9,47.7,74.6,73.6,64.6,Pass
STU0372,Male,17,96.5,0.6,75.2,64.9,63.7,68.3,Pass
STU0373,Male,15,97.8,6.6,100.0,100.0,83.5,95.0,Pass
STU0374,Male,17,76.8,1.8,81.1,76.7,81.8,79.8,Pass
STU0375,Female,18,77.8,3.2,78.3,71.2,81.9,77.0,Pass
STU0376,Male,16,79.2,3.1,72.9,71.1,74.7,72.8,Pass
STU0377,Male,18,68.6,4.0,82.6,77.4,70.7,77.3,Pass
STU0378,Female,18,72.8,4.7,72.8,83.0,59.8,72.4,Pass
STU0379,Male,18,72.0,4.8,84.4,80.5,68.3,78.2,Pass
STU0380,Female,16,74.3,2.6,77.3,75.0,89.4,80.1,Pass
STU0381,Male,18,81.7,3.2,86.9,92.1,64.7,82.0,Pass
STU0382,Male,18,84.3,3.9,100.0,89.7,80.8,90.7,Pass
STU0383,Male,18,97.5,3.1,87.1,83.5,89.7,86.6,Pass
STU0384,Female,15,72.0,5.9,80.8,91.1,70.0,81.0,Pass
STU0385,Female,18,91.8,4.2,85.8,74.3,83.9,81.3,Pass
STU0386,Male,16,79.9,4.6,68.7,84.4,88.2,79.9,Pass
STU0387,Female,18,81.5,4.5,77.5,97.3,80.0,85.0,Pass
STU0388,Female,18,88.7,5.3,85.4,84.1,100.0,89.4,Pass
STU0389,Female,16,70.8,3.8,72.0,67.3,59.5,66.7,Pass
STU0390,Female,18,85.8,1.6,74.7,66.6,81.9,74.1,Pass
STU0391,Female,16,83.7,4.1,75.8,70.6,77.8,74.6,Pass
STU0392,Female,18,86.9,2.5,86.6,69.1,82.6,79.4,Pass
STU0393,Male,16,84.9,2.7,77.5,72.7,79.6,76.5,Pass
STU0394,Male,18,100.0,4.4,89.6,74.2,78.5,81.0,Pass
STU0395,Female,18,75.6,5.4,81.5,82.1,82.8,82.1,Pass
STU0396,Male,15,76.7,3.5,78.8,84.2,58.9,74.7,Pass
STU0397,Male,15,75.8,4.0,85.5,69.1,82.0,78.9,Pass
STU0398,Male,18,76.4,6.1,80.1,98.2,85.8,88.0,Pass
STU0399,Male,18,75.6,3.9,73.1,81.4,82.0,78.6,Pass
STU0400,Female,17,93.9,7.4,96.4,100.0,100.0,98.7,Pass
STU0401,Male,16,96.2,4.3,77.3,79.6,87.2,81.1,Pass
STU0402,Male,17,76.3,0.9,60.7,74.6,68.8,67.8,Pass
STU0403,Female,15,73.7,4.6,76.8,69.0,70.1,72.1,Pass
STU0404,Female,15,86.7,4.1,90.4,89.3,73.8,85.1,Pass
STU0405,Male,15,76.5,5.4,86.8,84.0,91.9,87.4,Pass
STU0406,Male,15,88.3,4.5,87.3,88.3,95.0,89.9,Pass
STU0407,Male,18,84.0,3.3,86.2,67.2,74.9,76.4,Pass
STU0408,Male,15,66.8,1.7,65.6,58.3,67.5,63.7,Pass
STU0409,Male,18,97.5,3.2,87.3,87.4,72.7,82.9,Pass
STU0410,Male,18,100.0,2.2,80.6,71.0,89.2,79.9,Pass
STU0411,Female,15,75.9,2.6,75.9,76.9,78.6,77.1,Pass
STU0412,Male,15,78.1,4.4,76.7,67.2,96.1,79.3,Pass
STU0413,Male,16,84.9,6.0,70.6,94.9,77.6,80.9,Pass
STU0414,Female,17,85.3,4.1,81.9,69.8,76.5,76.2,Pass
STU0415,Female,15,88.6,1.7,86.5,78.9,75.8,80.7,Pass
STU0416,Female,16,100.0,4.2,96.2,91.8,90.3,93.0,Pass
STU0417,Female,16,80.2,5.3,93.3,77.0,80.0,83.8,Pass
STU0418,Male,17,74.0,2.6,82.8,77.2,64.1,75.3,Pass
STU0419,Male,18,68.2,3.3,74.2,74.8,80.3,76.2,Pass
STU0420,Male,15,74.7,3.5,78.3,70.5,81.5,76.6,Pass
STU0421,Male,17,81.7,2.3,69.9,64.6,65.2,66.7,Pass
STU0422,Male,15,99.9,4.5,87.4,69.5,97.6,84.4,Pass
STU0423,Male,16,76.8,3.3,81.7,78.6,85.5,81.8,Pass
STU0424,Female,16,84.2,4.1,92.3,66.6,80.9,80.1,Pass
STU0425,Male,18,81.8,2.2,73.2,74.1,73.8,73.7,Pass
STU0426,Female,16,93.9,2.8,77.9,77.2,83.7,79.4,Pass
STU0427,Female,16,100.0,4.6,90.4,93.7,78.0,87.8,Pass
STU0428,Male,17,76.7,2.9,80.1,71.4,74.1,75.3,Pass
STU0429,Female,15,77.1,6.1,75.9,82.0,64.0,74.4,Pass
STU0430,Male,15,92.4,2.9,62.8,85.9,86.3,77.7,Pass
STU0431,Female,17,88.8,3.8,78.9,84.3,66.1,76.9,Pass
STU0432,Male,18,100.0,4.9,81.9,91.5,100.0,90.6,Pass
STU0433,Female,15,87.8,1.4,69.5,76.8,69.5,72.0,Pass
STU0434,Male,16,78.4,0.9,66.9,53.8,66.2,62.2,Pass
STU0435,Male,15,87.9,1.2,69.4,78.8,66.4,71.7,Pass
STU0436,Male,16,93.1,5.4,100.0,93.5,83.5,92.8,Pass
STU0437,Male,18,90.2,2.7,82.0,68.6,89.8,79.8,Pass
STU0438,Male,17,87.1,7.3,98.4,90.4,67.7,86.5,Pass
STU0439,Female,15,92.7,2.7,85.3,78.2,89.3,84.1,Pass
STU0440,Female,17,93.7,3.8,75.8,81.5,84.5,80.4,Pass
STU0441,Female,15,95.8,5.8,100.0,93.3,77.3,90.9,Pass
STU0442,Male,16,88.5,6.5,92.8,100.0,78.4,90.9,Pass
STU0443,Female,17,80.3,6.6,95.9,97.5,100.0,97.7,Pass
STU0444,Male,15,83.5,5.3,78.3,72.6,74.5,75.2,Pass
STU0445,Male,16,94.1,5.0,77.5,92.7,74.9,81.9,Pass
STU0446,Female,17,73.8,4.4,86.3,90.0,87.6,87.9,Pass
STU0447,Female,17,85.7,4.7,88.3,86.5,84.8,86.6,Pass
STU0448,Male,15,78.1,2.7,67.6,83.5,65.0,72.2,Pass
STU0449,Female,15,82.3,2.3,67.9,91.8,75.5,78.3,Pass
STU0450,Male,15,94.8,3.5,93.3,91.3,71.7,86.1,Pass
STU0451,Male,16,83.9,3.2,69.7,79.8,86.8,78.3,Pass
STU0452,Male,15,82.5,2.8,90.2,85.0,84.8,86.8,Pass
STU0453,Male,17,68.4,4.5,71.1,78.0,80.9,76.4,Pass
STU0454,Male,17,89.5,4.9,92.8,85.4,86.9,88.5,Pass
STU0455,Female,15,88.5,3.6,79.8,77.3,95.3,83.6,Pass
STU0456,Female,15,100.0,5.7,99.5,100.0,89.1,96.6,Pass
STU0457,Male,18,78.9,1.8,67.4,63.5,60.4,64.0,Pass
STU0458,Male,17,84.2,3.2,77.9,91.3,80.9,83.4,Pass
STU0459,Female,16,84.5,2.4,76.6,79.5,93.4,82.6,Pass
STU0460,Female,18,97.8,0.7,66.8,61.0,64.3,64.1,Pass
STU0461,Male,15,81.0,3.4,84.6,80.3,73.2,79.7,Pass
STU0462,Female,15,84.8,3.3,75.7,59.2,81.1,71.7,Pass
STU0463,Male,17,88.1,5.8,88.6,93.2,85.2,89.1,Pass
STU0464,Female,15,83.9,4.4,75.8,89.6,71.7,79.3,Pass
STU0465,Male,16,77.5,2.0,51.4,65.7,81.2,65.2,Pass
STU0466,Female,17,83.9,6.3,89.2,89.0,100.0,92.4,Pass
STU0467,Male,15,92.7,5.3,100.0,100.0,87.6,96.3,Pass
STU0468,Female,17,71.7,4.4,85.2,72.7,68.5,75.9,Pass
STU0469,Female,15,83.3,3.2,78.5,67.5,62.5,70.0,Pass
STU0470,Male,15,75.0,2.1,69.2,83.8,73.0,75.3,Pass
STU0471,Female,15,94.0,2.9,82.1,97.6,88.9,89.4,Pass
STU0472,Male,16,66.8,5.1,84.3,78.2,81.7,81.4,Pass
STU0473,Female,16,76.4,6.3,78.6,94.6,83.9,85.6,Pass
STU0474,Male,17,85.8,5.8,98.6,99.0,79.9,93.1,Pass
STU0475,Female,15,97.7,2.8,88.3,73.9,69.8,77.9,Pass
STU0476,Male,15,81.3,1.8,78.6,67.5,79.4,75.0,Pass
STU0477,Female,16,76.4,3.7,81.7,87.7,84.3,84.5,Pass
STU0478,Male,15,100.0,0.8,76.4,90.0,60.6,76.3,Pass
STU0479,Female,16,67.5,4.0,81.2,79.6,88.5,82.8,Pass
STU0480,Male,15,60.0,3.3,75.0,61.6,75.0,70.5,Pass
STU0481,Male,17,86.4,2.8,75.6,94.8,88.9,86.1,Pass
STU0482,Male,15,77.0,1.1,63.9,63.2,56.3,61.4,Pass
STU0483,Female,15,71.8,4.3,79.3,73.9,64.1,72.9,Pass
STU0484,Male,18,89.1,2.7,91.5,80.6,75.5,83.0,Pass
STU0485,Female,16,84.4,1.7,63.8,86.6,77.1,75.6,Pass
STU0486,Male,15,76.4,0.5,54.2,73.3,82.6,69.2,Pass
STU0487,Female,15,69.2,3.5,75.8,77.0,79.5,77.3,Pass
STU0488,Male,18,90.7,6.2,93.3,94.0,85.5,91.2,Pass
STU0489,Female,18,88.5,6.0,92.8,88.9,77.3,86.8,Pass
STU0490,Female,16,81.0,2.8,78.4,80.1,85.8,81.2,Pass
STU0491,Male,18,100.0,2.6,81.1,58.1,71.1,70.3,Pass
STU0492,Female,17,71.3,4.2,90.0,73.9,90.7,84.7,Pass
STU0493,Female,18,66.7,2.0,55.2,69.7,65.5,63.2,Pass
STU0494,Male,17,75.1,4.0,71.9,66.6,90.7,75.7,Pass
STU0495,Female,16,81.5,4.6,82.8,85.0,86.5,84.7,Pass
STU0496,Female,16,84.4,5.3,74.2,83.0,82.1,79.6,Pass
STU0497,Female,16,79.6,3.3,76.6,92.2,71.3,80.3,Pass
STU0498,Male,16,85.5,3.2,92.9,92.1,74.2,87.0,Pass
STU0499,Female,16,69.5,2.2,69.9,64.9,73.2,69.2,Pass
STU0500,Male,17,96.4,2.3,82.1,77.1,78.4,79.3,Pass
STU0501,Female,17,81.2,3.2,67.8,75.7,70.5,71.3,Pass
STU0502,Female,16,93.2,4.1,80.9,79.4,80.6,80.3,Pass
STU0503,Female,18,85.4,4.9,83.0,85.4,82.9,83.8,Pass
STU0504,Male,15,86.6,2.3,74.1,68.4,55.7,66.6,Pass
STU0505,Female,16,87.7,5.7,100.0,77.2,89.6,89.1,Pass
STU0506,Female,18,86.5,3.1,84.1,83.5,68.4,79.2,Pass
STU0507,Male,15,88.4,3.5,72.9,85.5,68.6,75.9,Pass
STU0508,Female,16,95.3,2.4,82.2,71.2,62.5,72.6,Pass
STU0509,Male,16,84.0,0.5,72.8,76.3,52.5,67.9,Pass
STU0510,Male,17,89.1,4.8,96.3,79.0,71.0,82.8,Pass
STU0511,Female,15,81.1,4.6,96.0,83.5,73.8,85.1,Pass
STU0512,Male,15,96.4,3.1,75.2,88.6,97.7,86.5,Pass
STU0513,Female,18,75.2,3.6,70.8,75.5,70.6,72.4,Pass
STU0514,Male,17,100.0,4.3,79.2,90.6,86.4,85.2,Pass
STU0515,Male,17,81.6,1.2,68.5,65.0,73.6,68.8,Pass
STU0516,Female,17,67.7,2.7,74.7,68.4,71.6,71.7,Pass
STU0517,Male,17,83.3,4.7,92.4,80.4,80.4,84.7,Pass
STU0518,Male,15,75.2,1.6,69.1,62.3,58.7,63.7,Pass
STU0519,Male,15,90.4,3.9,81.8,80.5,94.0,85.0,Pass
STU0520,Male,16,75.5,1.5,70.5,54.7,85.3,69.6,Pass
STU0521,Male,16,77.5,4.2,73.7,74.2,62.7,70.6,Pass
STU0522,Female,17,63.1,3.4,88.8,68.6,62.1,73.9,Pass
STU0523,Male,17,77.5,1.1,55.7,65.7,66.0,62.2,Pass
STU0524,Female,17,57.8,5.2,78.4,73.3,66.4,73.1,Pass
STU0525,Male,16,66.2,2.4,85.4,68.1,73.6,76.0,Pass
STU0526,Female,18,89.6,2.3,77.8,80.5,69.2,76.1,Pass
STU0527,Female,18,89.9,3.8,82.1,89.3,99.8,89.9,Pass
STU0528,Male,16,86.3,5.2,84.8,79.2,94.3,85.7,Pass
STU0529,Male,16,72.3,2.0,68.6,58.5,71.5,66.0,Pass
STU0530,Male,16,81.5,3.6,90.6,68.6,86.5,81.9,Pass
STU0531,Female,16,82.0,4.1,64.2,75.6,89.0,75.5,Pass
STU0532,Male,16,70.4,4.5,91.3,74.2,71.7,79.6,Pass
STU0533,Female,16,97.0,3.8,74.8,76.9,75.1,75.6,Pass
STU0534,Female,17,90.8,2.9,78.6,67.2,78.8,74.8,Pass
STU0535,Female,17,79.8,2.3,70.5,68.7,80.5,72.9,Pass
STU0536,Male,17,82.3,3.6,84.8,79.9,78.8,81.3,Pass
STU0537,Male,17,84.1,1.9,61.4,78.4,58.7,66.3,Pass
STU0538,Female,16,61.6,0.5,64.0,55.6,54.7,58.4,Pass
STU0539,Female,18,79.5,4.2,97.2,75.4,77.7,83.9,Pass
STU0540,Male,15,75.2,4.9,71.1,71.7,78.4,73.5,Pass
STU0541,Female,16,72.0,0.5,65.8,63.9,82.8,70.3,Pass
STU0542,Male,15,79.2,2.0,67.3,64.0,59.2,63.8,Pass
STU0543,Female,18,100.0,4.4,93.2,92.2,89.8,91.9,Pass
STU0544,Male,17,88.4,6.6,93.8,74.4,100.0,89.0,Pass
STU0545,Female,18,76.3,3.5,72.3,72.7,95.9,79.5,Pass
STU0546,Male,16,87.7,2.4,81.4,78.7,71.9,77.6,Pass
STU0547,Female,17,96.0,3.2,98.2,83.3,84.9,89.1,Pass
STU0548,Male,16,91.2,5.6,89.3,100.0,91.2,93.5,Pass
STU0549,Male,17,82.6,2.5,81.8,77.8,76.1,78.7,Pass
STU0550,Female,15,75.5,2.3,62.1,62.5,70.7,64.8,Pass
STU0551,Female,15,89.0,2.8,71.7,76.8,80.9,76.2,Pass
STU0552,Male,15,85.9,2.1,79.3,58.3,51.2,63.7,Pass
STU0553,Female,18,91.0,3.7,95.4,80.7,86.5,87.7,Pass
STU0554,Male,16,88.4,5.9,94.0,80.7,87.5,87.5,Pass
STU0555,Female,18,92.5,4.0,82.8,91.2,79.7,84.7,Pass
STU0556,Male,15,76.6,3.1,76.0,69.7,92.8,78.9,Pass
STU0557,Male,16,95.2,3.1,72.8,79.7,73.7,75.4,Pass
STU0558,Male,15,84.0,1.2,76.1,64.8,67.0,69.5,Pass
STU0559,Male,18,100.0,4.8,98.4,100.0,100.0,99.4,Pass
STU0560,Male,18,75.1,3.4,72.8,72.1,67.2,70.9,Pass
STU0561,Male,18,99.4,3.2,81.3,99.3,76.5,86.0,Pass
STU0562,Female,15,84.0,8.0,99.4,100.0,89.9,96.8,Pass
STU0563,Female,16,75.5,3.9,75.2,81.4,84.1,80.0,Pass
STU0564,Female,16,77.2,2.4,72.8,75.6,74.1,74.2,Pass
STU0565,Male,15,78.8,2.9,92.6,78.1,62.6,78.7,Pass
STU0566,Male,16,86.2,5.2,85.6,67.7,78.8,77.5,Pass
STU0567,Male,15,87.2,3.7,79.2,77.6,73.7,77.0,Pass
STU0568,Male,16,76.3,1.3,63.9,76.1,68.2,69.3,Pass
STU0569,Female,17,81.8,4.9,90.6,81.9,85.0,86.0,Pass
STU0570,Female,17,100.0,2.5,81.0,67.8,83.3,77.2,Pass
STU0571,Male,18,99.3,6.3,91.5,92.7,74.7,86.9,Pass
STU0572,Female,17,86.4,5.1,97.8,100.0,92.8,97.1,Pass
STU0573,Female,17,82.4,2.8,88.4,86.8,77.5,84.6,Pass
STU0574,Male,17,83.2,5.4,82.4,84.2,95.7,87.0,Pass
STU0575,Female,15,88.1,3.6,67.2,88.8,83.2,79.4,Pass
STU0576,Male,17,71.8,4.8,88.5,75.4,87.8,83.8,Pass
STU0577,Female,17,79.4,4.2,75.8,64.0,82.7,73.9,Pass
STU0578,Male,18,65.3,2.2,74.6,59.5,80.4,71.2,Pass
STU0579,Male,17,86.0,2.5,61.5,89.9,80.1,76.8,Pass
STU0580,Male,17,88.5,5.0,94.9,82.8,82.8,87.2,Pass
STU0581,Male,16,77.2,3.0,66.0,72.2,94.6,76.7,Pass
STU0582,Female,18,97.7,2.9,89.0,78.4,88.0,85.1,Pass
STU0583,Male,18,69.7,2.1,69.5,85.9,74.3,76.5,Pass
STU0584,Male,18,67.4,4.1,68.7,89.6,63.1,74.1,Pass
STU0585,Male,18,84.2,6.6,88.8,100.0,75.5,88.6,Pass
STU0586,Female,18,92.5,1.9,82.8,74.5,78.1,78.6,Pass
STU0587,Male,18,98.8,3.5,86.8,86.3,83.6,85.7,Pass
STU0588,Female,15,77.4,5.6,90.4,69.8,76.6,79.2,Pass
STU0589,Male,17,92.8,3.4,98.9,94.3,81.2,92.1,Pass
STU0590,Female,18,81.6,4.2,69.4,69.4,93.3,76.6,Pass
STU0591,Female,17,80.3,1.9,85.7,73.7,78.1,79.3,Pass
STU0592,Male,17,90.8,4.1,86.1,73.1,71.4,77.3,Pass
STU0593,Female,15,88.5,3.2,73.7,73.7,77.2,74.8,Pass
STU0594,Male,18,66.2,5.0,68.4,69.9,69.6,69.3,Pass
STU0595,Male,16,96.8,5.3,90.3,83.4,83.4,85.9,Pass
STU0596,Male,15,95.8,7.4,100.0,90.8,89.2,93.6,Pass
STU0597,Female,16,75.7,4.4,79.4,73.7,73.5,75.7,Pass
STU0598,Female,17,86.0,4.0,94.9,88.3,68.5,84.7,Pass
STU0599,Male,17,86.9,3.8,70.8,70.5,78.3,73.0,Pass
STU0600,Male,15,84.6,3.0,78.3,78.9,71.2,76.4,Pass
